shot_txt,team,opp,game_id
"<div class=""tooltip q-1 p-simonan01 miss"" style=""top:200px;left:428px;"" tip=""1st quarter, 11:44.0 remaining&lt;br&gt;Anfernee Simons missed 3-pointer from 25 ft&lt;br&gt;Portland tied 0-0"">×</div>",POR,SAC,202410280SAC
"<div class=""tooltip q-1 p-simonan01 miss"" style=""top:39px;left:479px;"" tip=""1st quarter, 11:16.0 remaining&lt;br&gt;Anfernee Simons missed 3-pointer from 24 ft&lt;br&gt;Portland tied 0-0"">×</div>",POR,SAC,202410280SAC
"<div class=""tooltip q-1 p-aytonde01 miss"" style=""top:93px;left:244px;"" tip=""1st quarter, 10:30.0 remaining&lt;br&gt;Deandre Ayton missed 2-pointer from 6 ft&lt;br&gt;Portland trails 0-2"">×</div>",POR,SAC,202410280SAC
"<div class=""tooltip q-1 p-avdijde01 miss"" style=""top:72px;left:227px;"" tip=""1st quarter, 10:11.0 remaining&lt;br&gt;Deni Avdija missed 2-pointer from 4 ft&lt;br&gt;Portland trails 0-4"">×</div>",POR,SAC,202410280SAC
"<div class=""tooltip q-1 p-camarto01 miss"" style=""top:23px;left:476px;"" tip=""1st quarter, 9:06.0 remaining&lt;br&gt;Toumani Camara missed 3-pointer from 24 ft&lt;br&gt;Portland trails 0-7"">×</div>",POR,SAC,202410280SAC
"<div class=""tooltip q-1 p-aytonde01 make"" style=""top:191px;left:242px;"" tip=""1st quarter, 8:40.0 remaining&lt;br&gt;Deandre Ayton made 2-pointer from 16 ft&lt;br&gt;Portland now trails 2-7"">●</div>",POR,SAC,202410280SAC
"<div class=""tooltip q-1 p-avdijde01 miss"" style=""top:78px;left:477px;"" tip=""1st quarter, 8:02.0 remaining&lt;br&gt;Deni Avdija missed 3-pointer from 24 ft&lt;br&gt;Portland trails 2-7"">×</div>",POR,SAC,202410280SAC
"<div class=""tooltip q-1 p-avdijde01 make"" style=""top:86px;left:222px;"" tip=""1st quarter, 7:32.0 remaining&lt;br&gt;Deni Avdija made 2-pointer from 6 ft&lt;br&gt;Portland now trails 4-7"">●</div>",POR,SAC,202410280SAC
"<div class=""tooltip q-1 p-avdijde01 miss"" style=""top:254px;left:109px;"" tip=""1st quarter, 7:14.0 remaining&lt;br&gt;Deni Avdija missed 3-pointer from 26 ft&lt;br&gt;Portland trails 4-10"">×</div>",POR,SAC,202410280SAC
"<div class=""tooltip q-1 p-simonan01 miss"" style=""top:218px;left:62px;"" tip=""1st quarter, 6:30.0 remaining&lt;br&gt;Anfernee Simons missed 3-pointer from 26 ft&lt;br&gt;Portland trails 4-13"">×</div>",POR,SAC,202410280SAC
"<div class=""tooltip q-1 p-aytonde01 make"" style=""top:46px;left:248px;"" tip=""1st quarter, 6:02.0 remaining&lt;br&gt;Deandre Ayton made 2-pointer from 2 ft&lt;br&gt;Portland now trails 6-15"">●</div>",POR,SAC,202410280SAC
"<div class=""tooltip q-1 p-simonan01 make"" style=""top:27px;left:150px;"" tip=""1st quarter, 5:24.0 remaining&lt;br&gt;Anfernee Simons made 2-pointer from 9 ft&lt;br&gt;Portland now trails 8-15"">●</div>",POR,SAC,202410280SAC
"<div class=""tooltip q-1 p-aytonde01 miss"" style=""top:210px;left:216px;"" tip=""1st quarter, 4:56.0 remaining&lt;br&gt;Deandre Ayton missed 2-pointer from 18 ft&lt;br&gt;Portland trails 8-15"">×</div>",POR,SAC,202410280SAC
"<div class=""tooltip q-1 p-aytonde01 miss"" style=""top:101px;left:275px;"" tip=""1st quarter, 4:28.0 remaining&lt;br&gt;Deandre Ayton missed 2-pointer from 8 ft&lt;br&gt;Portland trails 8-17"">×</div>",POR,SAC,202410280SAC
"<div class=""tooltip q-1 p-aytonde01 miss"" style=""top:67px;left:254px;"" tip=""1st quarter, 4:27.0 remaining&lt;br&gt;Deandre Ayton missed 2-pointer from 4 ft&lt;br&gt;Portland trails 8-17"">×</div>",POR,SAC,202410280SAC
"<div class=""tooltip q-1 p-aytonde01 make"" style=""top:88px;left:213px;"" tip=""1st quarter, 4:22.0 remaining&lt;br&gt;Deandre Ayton made 2-pointer from 6 ft&lt;br&gt;Portland now trails 10-17"">●</div>",POR,SAC,202410280SAC
"<div class=""tooltip q-1 p-simonan01 miss"" style=""top:253px;left:109px;"" tip=""1st quarter, 3:47.0 remaining&lt;br&gt;Anfernee Simons missed 3-pointer from 26 ft&lt;br&gt;Portland trails 10-20"">×</div>",POR,SAC,202410280SAC
"<div class=""tooltip q-1 p-hendesc01 make"" style=""top:43px;left:263px;"" tip=""1st quarter, 3:03.0 remaining&lt;br&gt;Scoot Henderson made 2-pointer from 3 ft&lt;br&gt;Portland now trails 12-20"">●</div>",POR,SAC,202410280SAC
"<div class=""tooltip q-1 p-murrakr01 miss"" style=""top:58px;left:478px;"" tip=""1st quarter, 2:32.0 remaining&lt;br&gt;Kris Murray missed 3-pointer from 24 ft&lt;br&gt;Portland trails 12-22"">×</div>",POR,SAC,202410280SAC
"<div class=""tooltip q-1 p-grantje01 make"" style=""top:158px;left:325px;"" tip=""1st quarter, 1:48.0 remaining&lt;br&gt;Jerami Grant made 2-pointer from 15 ft&lt;br&gt;Portland now trails 14-22"">●</div>",POR,SAC,202410280SAC
"<div class=""tooltip q-1 p-grantje01 miss"" style=""top:93px;left:247px;"" tip=""1st quarter, 1:04.0 remaining&lt;br&gt;Jerami Grant missed 2-pointer from 6 ft&lt;br&gt;Portland trails 14-23"">×</div>",POR,SAC,202410280SAC
"<div class=""tooltip q-1 p-grantje01 miss"" style=""top:75px;left:374px;"" tip=""1st quarter, 1:01.0 remaining&lt;br&gt;Jerami Grant missed 2-pointer from 14 ft&lt;br&gt;Portland trails 14-23"">×</div>",POR,SAC,202410280SAC
"<div class=""tooltip q-1 p-hendesc01 miss"" style=""top:110px;left:248px;"" tip=""1st quarter, 0:29.0 remaining&lt;br&gt;Scoot Henderson missed 2-pointer from 8 ft&lt;br&gt;Portland trails 16-25"">×</div>",POR,SAC,202410280SAC
"<div class=""tooltip q-1 p-clingdo01 make"" style=""top:46px;left:245px;"" tip=""1st quarter, 0:29.0 remaining&lt;br&gt;Donovan Clingan made 2-pointer from 2 ft&lt;br&gt;Portland now trails 18-25"">●</div>",POR,SAC,202410280SAC
"<div class=""tooltip q-1 p-walkeja01 make"" style=""top:136px;left:284px;"" tip=""1st quarter, 0:00.0 remaining&lt;br&gt;Jabari Walker made 2-pointer from 11 ft&lt;br&gt;Portland now trails 20-25"">●</div>",POR,SAC,202410280SAC
"<div class=""tooltip q-2 p-walkeja01 miss"" style=""top:65px;left:223px;"" tip=""2nd quarter, 11:26.0 remaining&lt;br&gt;Jabari Walker missed 2-pointer from 4 ft&lt;br&gt;Portland trails 20-27"">×</div>",POR,SAC,202410280SAC
"<div class=""tooltip q-2 p-grantje01 miss"" style=""top:241px;left:97px;"" tip=""2nd quarter, 11:22.0 remaining&lt;br&gt;Jerami Grant missed 3-pointer from 25 ft&lt;br&gt;Portland trails 20-27"">×</div>",POR,SAC,202410280SAC
"<div class=""tooltip q-2 p-hendesc01 miss"" style=""top:65px;left:207px;"" tip=""2nd quarter, 10:00.0 remaining&lt;br&gt;Scoot Henderson missed 2-pointer from 5 ft&lt;br&gt;Portland trails 22-28"">×</div>",POR,SAC,202410280SAC
"<div class=""tooltip q-2 p-grantje01 miss"" style=""top:96px;left:231px;"" tip=""2nd quarter, 9:52.0 remaining&lt;br&gt;Jerami Grant missed 2-pointer from 7 ft&lt;br&gt;Portland trails 22-28"">×</div>",POR,SAC,202410280SAC
"<div class=""tooltip q-2 p-hendesc01 make"" style=""top:231px;left:412px;"" tip=""2nd quarter, 9:33.0 remaining&lt;br&gt;Scoot Henderson made 3-pointer from 26 ft&lt;br&gt;Portland now trails 25-28"">●</div>",POR,SAC,202410280SAC
"<div class=""tooltip q-2 p-simonan01 make"" style=""top:74px;left:288px;"" tip=""2nd quarter, 8:36.0 remaining&lt;br&gt;Anfernee Simons made 2-pointer from 7 ft&lt;br&gt;Portland now trails 29-30"">●</div>",POR,SAC,202410280SAC
"<div class=""tooltip q-2 p-grantje01 miss"" style=""top:198px;left:57px;"" tip=""2nd quarter, 6:17.0 remaining&lt;br&gt;Jerami Grant missed 3-pointer from 25 ft&lt;br&gt;Portland trails 30-38"">×</div>",POR,SAC,202410280SAC
"<div class=""tooltip q-2 p-aytonde01 make"" style=""top:103px;left:248px;"" tip=""2nd quarter, 5:53.0 remaining&lt;br&gt;Deandre Ayton made 2-pointer from 7 ft&lt;br&gt;Portland now trails 32-38"">●</div>",POR,SAC,202410280SAC
"<div class=""tooltip q-2 p-avdijde01 make"" style=""top:46px;left:224px;"" tip=""2nd quarter, 5:19.0 remaining&lt;br&gt;Deni Avdija made 2-pointer from 2 ft&lt;br&gt;Portland now trails 34-40"">●</div>",POR,SAC,202410280SAC
"<div class=""tooltip q-2 p-murrakr01 miss"" style=""top:52px;left:472px;"" tip=""2nd quarter, 4:52.0 remaining&lt;br&gt;Kris Murray missed 3-pointer from 23 ft&lt;br&gt;Portland trails 34-42"">×</div>",POR,SAC,202410280SAC
"<div class=""tooltip q-2 p-murrakr01 make"" style=""top:38px;left:249px;"" tip=""2nd quarter, 4:10.0 remaining&lt;br&gt;Kris Murray made 2-pointer from 1 ft&lt;br&gt;Portland now trails 36-42"">●</div>",POR,SAC,202410280SAC
"<div class=""tooltip q-2 p-grantje01 make"" style=""top:46px;left:218px;"" tip=""2nd quarter, 1:59.0 remaining&lt;br&gt;Jerami Grant made 2-pointer from 3 ft&lt;br&gt;Portland now trails 43-47"">●</div>",POR,SAC,202410280SAC
"<div class=""tooltip q-2 p-grantje01 miss"" style=""top:111px;left:289px;"" tip=""2nd quarter, 1:40.0 remaining&lt;br&gt;Jerami Grant missed 2-pointer from 9 ft&lt;br&gt;Portland trails 43-47"">×</div>",POR,SAC,202410280SAC
"<div class=""tooltip q-2 p-simonan01 miss"" style=""top:47px;left:244px;"" tip=""2nd quarter, 1:08.0 remaining&lt;br&gt;Anfernee Simons missed 2-pointer from 2 ft&lt;br&gt;Portland trails 43-47"">×</div>",POR,SAC,202410280SAC
"<div class=""tooltip q-2 p-murrakr01 miss"" style=""top:30px;left:240px;"" tip=""2nd quarter, 1:05.0 remaining&lt;br&gt;Kris Murray missed 2-pointer from 0 ft&lt;br&gt;Portland trails 43-47"">×</div>",POR,SAC,202410280SAC
"<div class=""tooltip q-2 p-aytonde01 miss"" style=""top:62px;left:252px;"" tip=""2nd quarter, 0:39.0 remaining&lt;br&gt;Deandre Ayton missed 2-pointer from 3 ft&lt;br&gt;Portland trails 43-49"">×</div>",POR,SAC,202410280SAC
"<div class=""tooltip q-2 p-avdijde01 miss"" style=""top:278px;left:180px;"" tip=""2nd quarter, 0:10.0 remaining&lt;br&gt;Deni Avdija missed 3-pointer from 25 ft&lt;br&gt;Portland trails 43-49"">×</div>",POR,SAC,202410280SAC
"<div class=""tooltip q-3 p-simonan01 make"" style=""top:42px;left:253px;"" tip=""3rd quarter, 11:12.0 remaining&lt;br&gt;Anfernee Simons made 2-pointer from 2 ft&lt;br&gt;Portland now trails 45-51"">●</div>",POR,SAC,202410280SAC
"<div class=""tooltip q-3 p-aytonde01 make"" style=""top:98px;left:269px;"" tip=""3rd quarter, 10:32.0 remaining&lt;br&gt;Deandre Ayton made 2-pointer from 7 ft&lt;br&gt;Portland now trails 48-54"">●</div>",POR,SAC,202410280SAC
"<div class=""tooltip q-3 p-simonan01 make"" style=""top:259px;left:162px;"" tip=""3rd quarter, 10:14.0 remaining&lt;br&gt;Anfernee Simons made 3-pointer from 24 ft&lt;br&gt;Portland now trails 51-56"">●</div>",POR,SAC,202410280SAC
"<div class=""tooltip q-3 p-simonan01 miss"" style=""top:258px;left:410px;"" tip=""3rd quarter, 9:46.0 remaining&lt;br&gt;Anfernee Simons missed 3-pointer from 28 ft&lt;br&gt;Portland trails 51-58"">×</div>",POR,SAC,202410280SAC
"<div class=""tooltip q-3 p-grantje01 miss"" style=""top:43px;left:256px;"" tip=""3rd quarter, 9:16.0 remaining&lt;br&gt;Jerami Grant missed 2-pointer from 2 ft&lt;br&gt;Portland trails 51-58"">×</div>",POR,SAC,202410280SAC
"<div class=""tooltip q-3 p-aytonde01 make"" style=""top:31px;left:240px;"" tip=""3rd quarter, 9:13.0 remaining&lt;br&gt;Deandre Ayton made 2-pointer from 0 ft&lt;br&gt;Portland now trails 53-58"">●</div>",POR,SAC,202410280SAC
"<div class=""tooltip q-3 p-grantje01 miss"" style=""top:74px;left:236px;"" tip=""3rd quarter, 8:19.0 remaining&lt;br&gt;Jerami Grant missed 2-pointer from 4 ft&lt;br&gt;Portland trails 53-58"">×</div>",POR,SAC,202410280SAC
"<div class=""tooltip q-3 p-aytonde01 make"" style=""top:183px;left:330px;"" tip=""3rd quarter, 7:48.0 remaining&lt;br&gt;Deandre Ayton made 2-pointer from 18 ft&lt;br&gt;Portland now trails 55-60"">●</div>",POR,SAC,202410280SAC
"<div class=""tooltip q-3 p-grantje01 make"" style=""top:7px;left:10px;"" tip=""3rd quarter, 7:26.0 remaining&lt;br&gt;Jerami Grant made 3-pointer from 23 ft&lt;br&gt;Portland now trails 58-60"">●</div>",POR,SAC,202410280SAC
"<div class=""tooltip q-3 p-avdijde01 miss"" style=""top:6px;left:12px;"" tip=""3rd quarter, 6:52.0 remaining&lt;br&gt;Deni Avdija missed 3-pointer from 23 ft&lt;br&gt;Portland trails 58-63"">×</div>",POR,SAC,202410280SAC
"<div class=""tooltip q-3 p-simonan01 miss"" style=""top:50px;left:116px;"" tip=""3rd quarter, 6:11.0 remaining&lt;br&gt;Anfernee Simons missed 2-pointer from 13 ft&lt;br&gt;Portland trails 58-65"">×</div>",POR,SAC,202410280SAC
"<div class=""tooltip q-3 p-grantje01 miss"" style=""top:48px;left:207px;"" tip=""3rd quarter, 5:48.0 remaining&lt;br&gt;Jerami Grant missed 2-pointer from 4 ft&lt;br&gt;Portland trails 58-67"">×</div>",POR,SAC,202410280SAC
"<div class=""tooltip q-3 p-walkeja01 miss"" style=""top:34px;left:337px;"" tip=""3rd quarter, 5:09.0 remaining&lt;br&gt;Jabari Walker missed 2-pointer from 10 ft&lt;br&gt;Portland trails 58-70"">×</div>",POR,SAC,202410280SAC
"<div class=""tooltip q-3 p-murrakr01 miss"" style=""top:55px;left:163px;"" tip=""3rd quarter, 4:27.0 remaining&lt;br&gt;Kris Murray missed 2-pointer from 8 ft&lt;br&gt;Portland trails 58-72"">×</div>",POR,SAC,202410280SAC
"<div class=""tooltip q-3 p-walkeja01 make"" style=""top:33px;left:236px;"" tip=""3rd quarter, 4:22.0 remaining&lt;br&gt;Jabari Walker made 2-pointer from 1 ft&lt;br&gt;Portland now trails 60-72"">●</div>",POR,SAC,202410280SAC
"<div class=""tooltip q-3 p-murrakr01 make"" style=""top:6px;left:12px;"" tip=""3rd quarter, 3:52.0 remaining&lt;br&gt;Kris Murray made 3-pointer from 23 ft&lt;br&gt;Portland now trails 63-74"">●</div>",POR,SAC,202410280SAC
"<div class=""tooltip q-3 p-aytonde01 make"" style=""top:34px;left:210px;"" tip=""3rd quarter, 3:17.0 remaining&lt;br&gt;Deandre Ayton made 2-pointer from 3 ft&lt;br&gt;Portland now trails 65-76"">●</div>",POR,SAC,202410280SAC
"<div class=""tooltip q-3 p-hendesc01 make"" style=""top:128px;left:198px;"" tip=""3rd quarter, 2:51.0 remaining&lt;br&gt;Scoot Henderson made 2-pointer from 11 ft&lt;br&gt;Portland now trails 67-78"">●</div>",POR,SAC,202410280SAC
"<div class=""tooltip q-3 p-hendesc01 make"" style=""top:27px;left:261px;"" tip=""3rd quarter, 2:23.0 remaining&lt;br&gt;Scoot Henderson made 2-pointer from 2 ft&lt;br&gt;Portland now trails 69-78"">●</div>",POR,SAC,202410280SAC
"<div class=""tooltip q-3 p-walkeja01 miss"" style=""top:188px;left:436px;"" tip=""3rd quarter, 1:52.0 remaining&lt;br&gt;Jabari Walker missed 3-pointer from 25 ft&lt;br&gt;Portland trails 69-81"">×</div>",POR,SAC,202410280SAC
"<div class=""tooltip q-3 p-walkeja01 miss"" style=""top:36px;left:468px;"" tip=""3rd quarter, 1:08.0 remaining&lt;br&gt;Jabari Walker missed 3-pointer from 23 ft&lt;br&gt;Portland trails 69-84"">×</div>",POR,SAC,202410280SAC
"<div class=""tooltip q-3 p-clingdo01 miss"" style=""top:42px;left:243px;"" tip=""3rd quarter, 0:00.0 remaining&lt;br&gt;Donovan Clingan missed 2-pointer from 1 ft&lt;br&gt;Portland trails 71-89"">×</div>",POR,SAC,202410280SAC
"<div class=""tooltip q-4 p-hendesc01 make"" style=""top:33px;left:256px;"" tip=""4th quarter, 11:50.0 remaining&lt;br&gt;Scoot Henderson made 2-pointer from 2 ft&lt;br&gt;Portland now trails 73-89"">●</div>",POR,SAC,202410280SAC
"<div class=""tooltip q-4 p-hendesc01 miss"" style=""top:55px;left:270px;"" tip=""4th quarter, 11:06.0 remaining&lt;br&gt;Scoot Henderson missed 2-pointer from 4 ft&lt;br&gt;Portland trails 73-91"">×</div>",POR,SAC,202410280SAC
"<div class=""tooltip q-4 p-camarto01 miss"" style=""top:83px;left:231px;"" tip=""4th quarter, 10:40.0 remaining&lt;br&gt;Toumani Camara missed 2-pointer from 5 ft&lt;br&gt;Portland trails 73-91"">×</div>",POR,SAC,202410280SAC
"<div class=""tooltip q-4 p-simonan01 miss"" style=""top:26px;left:476px;"" tip=""4th quarter, 9:38.0 remaining&lt;br&gt;Anfernee Simons missed 3-pointer from 24 ft&lt;br&gt;Portland trails 73-96"">×</div>",POR,SAC,202410280SAC
"<div class=""tooltip q-4 p-hendesc01 miss"" style=""top:113px;left:202px;"" tip=""4th quarter, 8:16.0 remaining&lt;br&gt;Scoot Henderson missed 2-pointer from 9 ft&lt;br&gt;Portland trails 73-99"">×</div>",POR,SAC,202410280SAC
"<div class=""tooltip q-4 p-aytonde01 make"" style=""top:141px;left:288px;"" tip=""4th quarter, 8:10.0 remaining&lt;br&gt;Deandre Ayton made 2-pointer from 12 ft&lt;br&gt;Portland now trails 75-99"">●</div>",POR,SAC,202410280SAC
"<div class=""tooltip q-4 p-aytonde01 miss"" style=""top:152px;left:358px;"" tip=""4th quarter, 6:51.0 remaining&lt;br&gt;Deandre Ayton missed 2-pointer from 17 ft&lt;br&gt;Portland trails 79-99"">×</div>",POR,SAC,202410280SAC
"<div class=""tooltip q-4 p-camarto01 make"" style=""top:36px;left:232px;"" tip=""4th quarter, 6:50.0 remaining&lt;br&gt;Toumani Camara made 2-pointer from 1 ft&lt;br&gt;Portland now trails 81-99"">●</div>",POR,SAC,202410280SAC
"<div class=""tooltip q-4 p-aytonde01 make"" style=""top:185px;left:202px;"" tip=""4th quarter, 6:16.0 remaining&lt;br&gt;Deandre Ayton made 2-pointer from 16 ft&lt;br&gt;Portland now trails 83-99"">●</div>",POR,SAC,202410280SAC
"<div class=""tooltip q-4 p-hendesc01 miss"" style=""top:44px;left:197px;"" tip=""4th quarter, 5:25.0 remaining&lt;br&gt;Scoot Henderson missed 2-pointer from 5 ft&lt;br&gt;Portland trails 83-99"">×</div>",POR,SAC,202410280SAC
"<div class=""tooltip q-4 p-walkeja01 make"" style=""top:31px;left:240px;"" tip=""4th quarter, 5:25.0 remaining&lt;br&gt;Jabari Walker made 2-pointer from 0 ft&lt;br&gt;Portland now trails 85-99"">●</div>",POR,SAC,202410280SAC
"<div class=""tooltip q-4 p-aytonde01 miss"" style=""top:113px;left:237px;"" tip=""4th quarter, 4:56.0 remaining&lt;br&gt;Deandre Ayton missed 2-pointer from 8 ft&lt;br&gt;Portland trails 86-101"">×</div>",POR,SAC,202410280SAC
"<div class=""tooltip q-4 p-hendesc01 miss"" style=""top:146px;left:122px;"" tip=""4th quarter, 4:17.0 remaining&lt;br&gt;Scoot Henderson missed 2-pointer from 17 ft&lt;br&gt;Portland trails 88-103"">×</div>",POR,SAC,202410280SAC
"<div class=""tooltip q-4 p-hendesc01 miss"" style=""top:213px;left:411px;"" tip=""4th quarter, 3:49.0 remaining&lt;br&gt;Scoot Henderson missed 3-pointer from 25 ft&lt;br&gt;Portland trails 88-103"">×</div>",POR,SAC,202410280SAC
"<div class=""tooltip q-4 p-ruperra01 miss"" style=""top:111px;left:283px;"" tip=""4th quarter, 3:17.0 remaining&lt;br&gt;Rayan Rupert missed 2-pointer from 9 ft&lt;br&gt;Portland trails 88-105"">×</div>",POR,SAC,202410280SAC
"<div class=""tooltip q-4 p-bantoda01 make"" style=""top:44px;left:212px;"" tip=""4th quarter, 2:49.0 remaining&lt;br&gt;Dalano Banton made 2-pointer from 3 ft&lt;br&gt;Portland now trails 90-105"">●</div>",POR,SAC,202410280SAC
"<div class=""tooltip q-4 p-walkeja01 make"" style=""top:93px;left:261px;"" tip=""4th quarter, 1:33.0 remaining&lt;br&gt;Jabari Walker made 2-pointer from 7 ft&lt;br&gt;Portland now trails 92-108"">●</div>",POR,SAC,202410280SAC
"<div class=""tooltip q-4 p-walkeja01 make"" style=""top:42px;left:248px;"" tip=""4th quarter, 0:56.0 remaining&lt;br&gt;Jabari Walker made 2-pointer from 1 ft&lt;br&gt;Portland now trails 94-111"">●</div>",POR,SAC,202410280SAC
"<div class=""tooltip q-4 p-ruperra01 make"" style=""top:27px;left:241px;"" tip=""4th quarter, 0:24.0 remaining&lt;br&gt;Rayan Rupert made 2-pointer from 0 ft&lt;br&gt;Portland now trails 98-111"">●</div>",POR,SAC,202410280SAC
"<div class=""tooltip q-1 p-sabondo01 miss"" style=""top:81px;left:217px;"" tip=""1st quarter, 10:48.0 remaining&lt;br&gt;Domantas Sabonis missed 2-pointer from 6 ft&lt;br&gt;Sacramento tied 0-0"">×</div>",SAC,POR,202410280SAC
"<div class=""tooltip q-1 p-sabondo01 make"" style=""top:33px;left:240px;"" tip=""1st quarter, 10:42.0 remaining&lt;br&gt;Domantas Sabonis made 2-pointer from 0 ft&lt;br&gt;Sacramento now leads 2-0"">●</div>",SAC,POR,202410280SAC
"<div class=""tooltip q-1 p-sabondo01 make"" style=""top:41px;left:220px;"" tip=""1st quarter, 10:22.0 remaining&lt;br&gt;Domantas Sabonis made 2-pointer from 2 ft&lt;br&gt;Sacramento now leads 4-0"">●</div>",SAC,POR,202410280SAC
"<div class=""tooltip q-1 p-derozde01 miss"" style=""top:148px;left:127px;"" tip=""1st quarter, 10:01.0 remaining&lt;br&gt;DeMar DeRozan missed 2-pointer from 16 ft&lt;br&gt;Sacramento leads 4-0"">×</div>",SAC,POR,202410280SAC
"<div class=""tooltip q-1 p-huertke01 make"" style=""top:13px;left:12px;"" tip=""1st quarter, 9:46.0 remaining&lt;br&gt;Kevin Huerter made 3-pointer from 23 ft&lt;br&gt;Sacramento now leads 7-0"">●</div>",SAC,POR,202410280SAC
"<div class=""tooltip q-1 p-murrake02 miss"" style=""top:178px;left:142px;"" tip=""1st quarter, 9:14.0 remaining&lt;br&gt;Keegan Murray missed 2-pointer from 18 ft&lt;br&gt;Sacramento leads 7-0"">×</div>",SAC,POR,202410280SAC
"<div class=""tooltip q-1 p-foxde01 miss"" style=""top:257px;left:132px;"" tip=""1st quarter, 8:55.0 remaining&lt;br&gt;De'Aaron Fox missed 3-pointer from 25 ft&lt;br&gt;Sacramento leads 7-0"">×</div>",SAC,POR,202410280SAC
"<div class=""tooltip q-1 p-murrake02 miss"" style=""top:63px;left:286px;"" tip=""1st quarter, 7:46.0 remaining&lt;br&gt;Keegan Murray missed 2-pointer from 6 ft&lt;br&gt;Sacramento leads 7-2"">×</div>",SAC,POR,202410280SAC
"<div class=""tooltip q-1 p-derozde01 make"" style=""top:42px;left:219px;"" tip=""1st quarter, 7:23.0 remaining&lt;br&gt;DeMar DeRozan made 2-pointer from 2 ft&lt;br&gt;Sacramento now leads 9-4"">●</div>",SAC,POR,202410280SAC
"<div class=""tooltip q-1 p-huertke01 make"" style=""top:114px;left:475px;"" tip=""1st quarter, 6:50.0 remaining&lt;br&gt;Kevin Huerter made 3-pointer from 25 ft&lt;br&gt;Sacramento now leads 13-4"">●</div>",SAC,POR,202410280SAC
"<div class=""tooltip q-1 p-murrake02 miss"" style=""top:17px;left:12px;"" tip=""1st quarter, 5:05.0 remaining&lt;br&gt;Keegan Murray missed 3-pointer from 23 ft&lt;br&gt;Sacramento leads 15-8"">×</div>",SAC,POR,202410280SAC
"<div class=""tooltip q-1 p-derozde01 miss"" style=""top:59px;left:298px;"" tip=""1st quarter, 4:11.0 remaining&lt;br&gt;DeMar DeRozan missed 2-pointer from 6 ft&lt;br&gt;Sacramento leads 17-10"">×</div>",SAC,POR,202410280SAC
"<div class=""tooltip q-1 p-sabondo01 miss"" style=""top:237px;left:107px;"" tip=""1st quarter, 3:33.0 remaining&lt;br&gt;Domantas Sabonis missed 3-pointer from 25 ft&lt;br&gt;Sacramento leads 20-10"">×</div>",SAC,POR,202410280SAC
"<div class=""tooltip q-1 p-murrake02 miss"" style=""top:249px;left:367px;"" tip=""1st quarter, 3:28.0 remaining&lt;br&gt;Keegan Murray missed 3-pointer from 25 ft&lt;br&gt;Sacramento leads 20-10"">×</div>",SAC,POR,202410280SAC
"<div class=""tooltip q-1 p-lylestr01 miss"" style=""top:81px;left:288px;"" tip=""1st quarter, 2:11.0 remaining&lt;br&gt;Trey Lyles missed 2-pointer from 7 ft&lt;br&gt;Sacramento leads 22-12"">×</div>",SAC,POR,202410280SAC
"<div class=""tooltip q-1 p-elliske01 miss"" style=""top:16px;left:37px;"" tip=""1st quarter, 2:07.0 remaining&lt;br&gt;Keon Ellis missed 2-pointer from 20 ft&lt;br&gt;Sacramento leads 22-12"">×</div>",SAC,POR,202410280SAC
"<div class=""tooltip q-1 p-foxde01 make"" style=""top:144px;left:241px;"" tip=""1st quarter, 0:45.0 remaining&lt;br&gt;De'Aaron Fox made 2-pointer from 11 ft&lt;br&gt;Sacramento now leads 25-16"">●</div>",SAC,POR,202410280SAC
"<div class=""tooltip q-1 p-foxde01 miss"" style=""top:185px;left:147px;"" tip=""1st quarter, 0:08.0 remaining&lt;br&gt;De'Aaron Fox missed 2-pointer from 18 ft&lt;br&gt;Sacramento leads 25-18"">×</div>",SAC,POR,202410280SAC
"<div class=""tooltip q-2 p-foxde01 make"" style=""top:139px;left:293px;"" tip=""2nd quarter, 11:42.0 remaining&lt;br&gt;De'Aaron Fox made 2-pointer from 12 ft&lt;br&gt;Sacramento now leads 27-20"">●</div>",SAC,POR,202410280SAC
"<div class=""tooltip q-2 p-foxde01 miss"" style=""top:273px;left:329px;"" tip=""2nd quarter, 11:01.0 remaining&lt;br&gt;De'Aaron Fox missed 3-pointer from 26 ft&lt;br&gt;Sacramento leads 27-20"">×</div>",SAC,POR,202410280SAC
"<div class=""tooltip q-2 p-lenal01 miss"" style=""top:91px;left:209px;"" tip=""2nd quarter, 10:35.0 remaining&lt;br&gt;Alex Len missed 2-pointer from 7 ft&lt;br&gt;Sacramento leads 27-22"">×</div>",SAC,POR,202410280SAC
"<div class=""tooltip q-2 p-derozde01 miss"" style=""top:50px;left:129px;"" tip=""2nd quarter, 9:19.0 remaining&lt;br&gt;DeMar DeRozan missed 2-pointer from 11 ft&lt;br&gt;Sacramento leads 28-25"">×</div>",SAC,POR,202410280SAC
"<div class=""tooltip q-2 p-monkma01 miss"" style=""top:68px;left:9px;"" tip=""2nd quarter, 8:12.0 remaining&lt;br&gt;Malik Monk missed 3-pointer from 23 ft&lt;br&gt;Sacramento leads 30-29"">×</div>",SAC,POR,202410280SAC
"<div class=""tooltip q-2 p-derozde01 make"" style=""top:114px;left:249px;"" tip=""2nd quarter, 7:47.0 remaining&lt;br&gt;DeMar DeRozan made 2-pointer from 8 ft&lt;br&gt;Sacramento now leads 32-29"">●</div>",SAC,POR,202410280SAC
"<div class=""tooltip q-2 p-lylestr01 miss"" style=""top:7px;left:12px;"" tip=""2nd quarter, 7:20.0 remaining&lt;br&gt;Trey Lyles missed 3-pointer from 23 ft&lt;br&gt;Sacramento leads 33-29"">×</div>",SAC,POR,202410280SAC
"<div class=""tooltip q-2 p-huertke01 make"" style=""top:33px;left:225px;"" tip=""2nd quarter, 7:03.0 remaining&lt;br&gt;Kevin Huerter made 2-pointer from 2 ft&lt;br&gt;Sacramento now leads 35-30"">●</div>",SAC,POR,202410280SAC
"<div class=""tooltip q-2 p-elliske01 make"" style=""top:41px;left:15px;"" tip=""2nd quarter, 6:35.0 remaining&lt;br&gt;Keon Ellis made 3-pointer from 23 ft&lt;br&gt;Sacramento now leads 38-30"">●</div>",SAC,POR,202410280SAC
"<div class=""tooltip q-2 p-huertke01 miss"" style=""top:258px;left:358px;"" tip=""2nd quarter, 6:05.0 remaining&lt;br&gt;Kevin Huerter missed 3-pointer from 26 ft&lt;br&gt;Sacramento leads 38-30"">×</div>",SAC,POR,202410280SAC
"<div class=""tooltip q-2 p-derozde01 make"" style=""top:228px;left:188px;"" tip=""2nd quarter, 5:10.0 remaining&lt;br&gt;DeMar DeRozan made 2-pointer from 21 ft&lt;br&gt;Sacramento now leads 42-34"">●</div>",SAC,POR,202410280SAC
"<div class=""tooltip q-2 p-huertke01 miss"" style=""top:238px;left:101px;"" tip=""2nd quarter, 3:47.0 remaining&lt;br&gt;Kevin Huerter missed 3-pointer from 25 ft&lt;br&gt;Sacramento leads 42-36"">×</div>",SAC,POR,202410280SAC
"<div class=""tooltip q-2 p-derozde01 make"" style=""top:38px;left:112px;"" tip=""2nd quarter, 3:20.0 remaining&lt;br&gt;DeMar DeRozan made 2-pointer from 13 ft&lt;br&gt;Sacramento now leads 44-38"">●</div>",SAC,POR,202410280SAC
"<div class=""tooltip q-2 p-foxde01 make"" style=""top:196px;left:426px;"" tip=""2nd quarter, 2:52.0 remaining&lt;br&gt;De'Aaron Fox made 3-pointer from 25 ft&lt;br&gt;Sacramento now leads 47-39"">●</div>",SAC,POR,202410280SAC
"<div class=""tooltip q-2 p-foxde01 miss"" style=""top:52px;left:205px;"" tip=""2nd quarter, 2:19.0 remaining&lt;br&gt;De'Aaron Fox missed 2-pointer from 4 ft&lt;br&gt;Sacramento leads 47-41"">×</div>",SAC,POR,202410280SAC
"<div class=""tooltip q-2 p-foxde01 miss"" style=""top:229px;left:392px;"" tip=""2nd quarter, 1:49.0 remaining&lt;br&gt;De'Aaron Fox missed 3-pointer from 25 ft&lt;br&gt;Sacramento leads 47-43"">×</div>",SAC,POR,202410280SAC
"<div class=""tooltip q-2 p-elliske01 miss"" style=""top:182px;left:45px;"" tip=""2nd quarter, 1:32.0 remaining&lt;br&gt;Keon Ellis missed 3-pointer from 25 ft&lt;br&gt;Sacramento leads 47-43"">×</div>",SAC,POR,202410280SAC
"<div class=""tooltip q-2 p-monkma01 miss"" style=""top:36px;left:221px;"" tip=""2nd quarter, 1:00.0 remaining&lt;br&gt;Malik Monk missed 2-pointer from 2 ft&lt;br&gt;Sacramento leads 47-43"">×</div>",SAC,POR,202410280SAC
"<div class=""tooltip q-2 p-foxde01 make"" style=""top:31px;left:240px;"" tip=""2nd quarter, 0:55.0 remaining&lt;br&gt;De'Aaron Fox made 2-pointer from 0 ft&lt;br&gt;Sacramento now leads 49-43"">●</div>",SAC,POR,202410280SAC
"<div class=""tooltip q-2 p-foxde01 miss"" style=""top:88px;left:225px;"" tip=""2nd quarter, 0:32.0 remaining&lt;br&gt;De'Aaron Fox missed 2-pointer from 6 ft&lt;br&gt;Sacramento leads 49-43"">×</div>",SAC,POR,202410280SAC
"<div class=""tooltip q-2 p-derozde01 make"" style=""top:38px;left:94px;"" tip=""2nd quarter, 0:00.0 remaining&lt;br&gt;DeMar DeRozan made 2-pointer from 15 ft&lt;br&gt;Sacramento now leads 51-43"">●</div>",SAC,POR,202410280SAC
"<div class=""tooltip q-3 p-sabondo01 miss"" style=""top:58px;left:309px;"" tip=""3rd quarter, 11:39.0 remaining&lt;br&gt;Domantas Sabonis missed 2-pointer from 7 ft&lt;br&gt;Sacramento leads 51-43"">×</div>",SAC,POR,202410280SAC
"<div class=""tooltip q-3 p-huertke01 make"" style=""top:262px;left:369px;"" tip=""3rd quarter, 10:53.0 remaining&lt;br&gt;Kevin Huerter made 3-pointer from 27 ft&lt;br&gt;Sacramento now leads 54-46"">●</div>",SAC,POR,202410280SAC
"<div class=""tooltip q-3 p-foxde01 make"" style=""top:55px;left:224px;"" tip=""3rd quarter, 10:24.0 remaining&lt;br&gt;De'Aaron Fox made 2-pointer from 3 ft&lt;br&gt;Sacramento now leads 56-48"">●</div>",SAC,POR,202410280SAC
"<div class=""tooltip q-3 p-derozde01 miss"" style=""top:158px;left:323px;"" tip=""3rd quarter, 9:31.0 remaining&lt;br&gt;DeMar DeRozan missed 2-pointer from 15 ft&lt;br&gt;Sacramento leads 58-51"">×</div>",SAC,POR,202410280SAC
"<div class=""tooltip q-3 p-foxde01 miss"" style=""top:57px;left:215px;"" tip=""3rd quarter, 9:03.0 remaining&lt;br&gt;De'Aaron Fox missed 2-pointer from 4 ft&lt;br&gt;Sacramento leads 58-53"">×</div>",SAC,POR,202410280SAC
"<div class=""tooltip q-3 p-derozde01 miss"" style=""top:115px;left:13px;"" tip=""3rd quarter, 8:36.0 remaining&lt;br&gt;DeMar DeRozan missed 3-pointer from 24 ft&lt;br&gt;Sacramento leads 58-53"">×</div>",SAC,POR,202410280SAC
"<div class=""tooltip q-3 p-foxde01 miss"" style=""top:64px;left:468px;"" tip=""3rd quarter, 8:13.0 remaining&lt;br&gt;De'Aaron Fox missed 3-pointer from 23 ft&lt;br&gt;Sacramento leads 58-53"">×</div>",SAC,POR,202410280SAC
"<div class=""tooltip q-3 p-huertke01 miss"" style=""top:236px;left:82px;"" tip=""3rd quarter, 7:36.0 remaining&lt;br&gt;Kevin Huerter missed 3-pointer from 26 ft&lt;br&gt;Sacramento leads 60-55"">×</div>",SAC,POR,202410280SAC
"<div class=""tooltip q-3 p-foxde01 make"" style=""top:258px;left:373px;"" tip=""3rd quarter, 7:08.0 remaining&lt;br&gt;De'Aaron Fox made 3-pointer from 26 ft&lt;br&gt;Sacramento now leads 63-58"">●</div>",SAC,POR,202410280SAC
"<div class=""tooltip q-3 p-murrake02 make"" style=""top:59px;left:369px;"" tip=""3rd quarter, 6:32.0 remaining&lt;br&gt;Keegan Murray made 2-pointer from 13 ft&lt;br&gt;Sacramento now leads 65-58"">●</div>",SAC,POR,202410280SAC
"<div class=""tooltip q-3 p-sabondo01 make"" style=""top:44px;left:211px;"" tip=""3rd quarter, 6:03.0 remaining&lt;br&gt;Domantas Sabonis made 2-pointer from 3 ft&lt;br&gt;Sacramento now leads 67-58"">●</div>",SAC,POR,202410280SAC
"<div class=""tooltip q-3 p-huertke01 make"" style=""top:39px;left:477px;"" tip=""3rd quarter, 5:36.0 remaining&lt;br&gt;Kevin Huerter made 3-pointer from 24 ft&lt;br&gt;Sacramento now leads 70-58"">●</div>",SAC,POR,202410280SAC
"<div class=""tooltip q-3 p-derozde01 make"" style=""top:84px;left:346px;"" tip=""3rd quarter, 4:58.0 remaining&lt;br&gt;DeMar DeRozan made 2-pointer from 12 ft&lt;br&gt;Sacramento now leads 72-58"">●</div>",SAC,POR,202410280SAC
"<div class=""tooltip q-3 p-huertke01 make"" style=""top:201px;left:247px;"" tip=""3rd quarter, 4:05.0 remaining&lt;br&gt;Kevin Huerter made 2-pointer from 17 ft&lt;br&gt;Sacramento now leads 74-60"">●</div>",SAC,POR,202410280SAC
"<div class=""tooltip q-3 p-sabondo01 make"" style=""top:34px;left:155px;"" tip=""3rd quarter, 3:31.0 remaining&lt;br&gt;Domantas Sabonis made 2-pointer from 9 ft&lt;br&gt;Sacramento now leads 76-63"">●</div>",SAC,POR,202410280SAC
"<div class=""tooltip q-3 p-foxde01 make"" style=""top:185px;left:155px;"" tip=""3rd quarter, 3:11.0 remaining&lt;br&gt;De'Aaron Fox made 2-pointer from 18 ft&lt;br&gt;Sacramento now leads 78-65"">●</div>",SAC,POR,202410280SAC
"<div class=""tooltip q-3 p-derozde01 miss"" style=""top:51px;left:276px;"" tip=""3rd quarter, 2:30.0 remaining&lt;br&gt;DeMar DeRozan missed 2-pointer from 4 ft&lt;br&gt;Sacramento leads 78-67"">×</div>",SAC,POR,202410280SAC
"<div class=""tooltip q-3 p-monkma01 make"" style=""top:265px;left:345px;"" tip=""3rd quarter, 2:07.0 remaining&lt;br&gt;Malik Monk made 3-pointer from 26 ft&lt;br&gt;Sacramento now leads 81-69"">●</div>",SAC,POR,202410280SAC
"<div class=""tooltip q-3 p-sabondo01 make"" style=""top:277px;left:152px;"" tip=""3rd quarter, 1:36.0 remaining&lt;br&gt;Domantas Sabonis made 3-pointer from 26 ft&lt;br&gt;Sacramento now leads 84-69"">●</div>",SAC,POR,202410280SAC
"<div class=""tooltip q-3 p-monkma01 make"" style=""top:184px;left:435px;"" tip=""3rd quarter, 0:59.0 remaining&lt;br&gt;Malik Monk made 3-pointer from 25 ft&lt;br&gt;Sacramento now leads 87-69"">●</div>",SAC,POR,202410280SAC
"<div class=""tooltip q-3 p-monkma01 miss"" style=""top:249px;left:400px;"" tip=""3rd quarter, 0:34.0 remaining&lt;br&gt;Malik Monk missed 3-pointer from 27 ft&lt;br&gt;Sacramento leads 87-71"">×</div>",SAC,POR,202410280SAC
"<div class=""tooltip q-4 p-murrake02 make"" style=""top:151px;left:276px;"" tip=""4th quarter, 11:21.0 remaining&lt;br&gt;Keegan Murray made 2-pointer from 13 ft&lt;br&gt;Sacramento now leads 91-73"">●</div>",SAC,POR,202410280SAC
"<div class=""tooltip q-4 p-foxde01 miss"" style=""top:236px;left:88px;"" tip=""4th quarter, 10:24.0 remaining&lt;br&gt;De'Aaron Fox missed 3-pointer from 26 ft&lt;br&gt;Sacramento leads 91-73"">×</div>",SAC,POR,202410280SAC
"<div class=""tooltip q-4 p-monkma01 make"" style=""top:257px;left:380px;"" tip=""4th quarter, 10:19.0 remaining&lt;br&gt;Malik Monk made 3-pointer from 27 ft&lt;br&gt;Sacramento now leads 94-73"">●</div>",SAC,POR,202410280SAC
"<div class=""tooltip q-4 p-foxde01 make"" style=""top:51px;left:228px;"" tip=""4th quarter, 10:01.0 remaining&lt;br&gt;De'Aaron Fox made 2-pointer from 2 ft&lt;br&gt;Sacramento now leads 96-73"">●</div>",SAC,POR,202410280SAC
"<div class=""tooltip q-4 p-huertke01 miss"" style=""top:83px;left:15px;"" tip=""4th quarter, 9:18.0 remaining&lt;br&gt;Kevin Huerter missed 3-pointer from 23 ft&lt;br&gt;Sacramento leads 96-73"">×</div>",SAC,POR,202410280SAC
"<div class=""tooltip q-4 p-lylestr01 make"" style=""top:290px;left:255px;"" tip=""4th quarter, 9:00.0 remaining&lt;br&gt;Trey Lyles made 3-pointer from 26 ft&lt;br&gt;Sacramento now leads 99-73"">●</div>",SAC,POR,202410280SAC
"<div class=""tooltip q-4 p-murrake02 miss"" style=""top:62px;left:229px;"" tip=""4th quarter, 8:30.0 remaining&lt;br&gt;Keegan Murray missed 2-pointer from 3 ft&lt;br&gt;Sacramento leads 99-73"">×</div>",SAC,POR,202410280SAC
"<div class=""tooltip q-4 p-lylestr01 miss"" style=""top:248px;left:93px;"" tip=""4th quarter, 7:53.0 remaining&lt;br&gt;Trey Lyles missed 3-pointer from 26 ft&lt;br&gt;Sacramento leads 99-75"">×</div>",SAC,POR,202410280SAC
"<div class=""tooltip q-4 p-murrake02 miss"" style=""top:86px;left:242px;"" tip=""4th quarter, 7:34.0 remaining&lt;br&gt;Keegan Murray missed 2-pointer from 6 ft&lt;br&gt;Sacramento leads 99-77"">×</div>",SAC,POR,202410280SAC
"<div class=""tooltip q-4 p-huertke01 miss"" style=""top:292px;left:236px;"" tip=""4th quarter, 7:16.0 remaining&lt;br&gt;Kevin Huerter missed 3-pointer from 26 ft&lt;br&gt;Sacramento leads 99-77"">×</div>",SAC,POR,202410280SAC
"<div class=""tooltip q-4 p-derozde01 miss"" style=""top:167px;left:365px;"" tip=""4th quarter, 5:50.0 remaining&lt;br&gt;DeMar DeRozan missed 2-pointer from 19 ft&lt;br&gt;Sacramento leads 99-83"">×</div>",SAC,POR,202410280SAC
"<div class=""tooltip q-4 p-foxde01 miss"" style=""top:136px;left:172px;"" tip=""4th quarter, 5:35.0 remaining&lt;br&gt;De'Aaron Fox missed 2-pointer from 13 ft&lt;br&gt;Sacramento leads 99-83"">×</div>",SAC,POR,202410280SAC
"<div class=""tooltip q-4 p-foxde01 make"" style=""top:46px;left:236px;"" tip=""4th quarter, 5:12.0 remaining&lt;br&gt;De'Aaron Fox made 2-pointer from 2 ft&lt;br&gt;Sacramento now leads 101-86"">●</div>",SAC,POR,202410280SAC
"<div class=""tooltip q-4 p-huertke01 make"" style=""top:144px;left:187px;"" tip=""4th quarter, 4:31.0 remaining&lt;br&gt;Kevin Huerter made 2-pointer from 13 ft&lt;br&gt;Sacramento now leads 103-88"">●</div>",SAC,POR,202410280SAC
"<div class=""tooltip q-4 p-murrake02 miss"" style=""top:251px;left:379px;"" tip=""4th quarter, 4:04.0 remaining&lt;br&gt;Keegan Murray missed 3-pointer from 26 ft&lt;br&gt;Sacramento leads 103-88"">×</div>",SAC,POR,202410280SAC
"<div class=""tooltip q-4 p-derozde01 make"" style=""top:39px;left:377px;"" tip=""4th quarter, 3:34.0 remaining&lt;br&gt;DeMar DeRozan made 2-pointer from 14 ft&lt;br&gt;Sacramento now leads 105-88"">●</div>",SAC,POR,202410280SAC
"<div class=""tooltip q-4 p-foxde01 miss"" style=""top:232px;left:398px;"" tip=""4th quarter, 3:05.0 remaining&lt;br&gt;De'Aaron Fox missed 3-pointer from 26 ft&lt;br&gt;Sacramento leads 105-88"">×</div>",SAC,POR,202410280SAC
"<div class=""tooltip q-4 p-mclaujo01 miss"" style=""top:86px;left:245px;"" tip=""4th quarter, 2:08.0 remaining&lt;br&gt;Jordan McLaughlin missed 2-pointer from 6 ft&lt;br&gt;Sacramento leads 105-90"">×</div>",SAC,POR,202410280SAC
"<div class=""tooltip q-4 p-mcderdo01 make"" style=""top:273px;left:140px;"" tip=""4th quarter, 1:45.0 remaining&lt;br&gt;Doug McDermott made 3-pointer from 26 ft&lt;br&gt;Sacramento now leads 108-90"">●</div>",SAC,POR,202410280SAC
"<div class=""tooltip q-4 p-mcderdo01 make"" style=""top:280px;left:151px;"" tip=""4th quarter, 1:12.0 remaining&lt;br&gt;Doug McDermott made 3-pointer from 27 ft&lt;br&gt;Sacramento now leads 111-92"">●</div>",SAC,POR,202410280SAC
"<div class=""tooltip q-4 p-mcderdo01 miss"" style=""top:26px;left:216px;"" tip=""4th quarter, 0:42.0 remaining&lt;br&gt;Doug McDermott missed 2-pointer from 2 ft&lt;br&gt;Sacramento leads 111-94"">×</div>",SAC,POR,202410280SAC
