source_row_index,event_type,score_before_home,score_before_away,score_after_home,score_after_away,score_change,shooter_pid,shot_value,shot_action,shot_distance_ft,assisted_by_pid,block_by_pid,ft_result,ft_seq_num,ft_seq_total,rebound_type,rebounder_pid,team_rebound_flag,foul_type,fouler_pid,drawn_by_pid,turnover_committer_pid,turnover_detail,steal_by_pid,violation_label,violation_by,violation_detail,jumper1_pid,jumper2_pid,possession_winner_pid,player_in_pid,player_out_pid,timeout_team,period_kind,period_ordinal,unparsed,raw_text
1,jump_ball,,,,,,,,,,,,,,,,,,,,,,,,,,,,,,,,,,,,12:00.0 Jump ball: zubaciv01 vs. colliza01 ( whiteco01 gains possession)
2,fg_make,,,0.0,2.0,2.0,balllo01,2.0,jump shot,17.0,colliza01,,,,,,,,,,,,,,,,,,,,,,,,,,11:39.0 0-2 +2 balllo01 makes 2-pt jump shot from 17 ft (assist by colliza01 )
3,fg_miss,,,0.0,2.0,,zubaciv01,2.0,hook shot,7.0,,,,,,,,,,,,,,,,,,,,,,,,,,,11:22.0 zubaciv01 misses 2-pt hook shot from 7 ft 0-2
4,rebound,,,0.0,2.0,,,,,,,,,,,defensive,colliza01,False,,,,,,,,,,,,,,,,,,,11:20.0 0-2 Defensive rebound by colliza01
5,fg_miss,,,0.0,2.0,,colliza01,2.0,jump shot,6.0,,hardeja01,,,,,,,,,,,,,,,,,,,,,,,,,10:59.0 0-2 colliza01 misses 2-pt jump shot from 6 ft (block by hardeja01 )
6,rebound,,,0.0,2.0,,,,,,,,,,,defensive,jonesde02,False,,,,,,,,,,,,,,,,,,,10:58.0 Defensive rebound by jonesde02 0-2
7,fg_miss,,,0.0,2.0,,hardeja01,3.0,jump shot,28.0,,,,,,,,,,,,,,,,,,,,,,,,,,,10:52.0 hardeja01 misses 3-pt jump shot from 28 ft 0-2
8,rebound,,,0.0,2.0,,,,,,,,,,,defensive,buzelma01,False,,,,,,,,,,,,,,,,,,,10:50.0 0-2 Defensive rebound by buzelma01
9,fg_make,,,0.0,5.0,3.0,colliza01,3.0,jump shot,26.0,buzelma01,,,,,,,,,,,,,,,,,,,,,,,,,,10:40.0 0-5 +3 colliza01 makes 3-pt jump shot from 26 ft (assist by buzelma01 )
10,fg_make,,,2.0,5.0,2.0,jonesde02,2.0,layup,6.0,hardeja01,,,,,,,,,,,,,,,,,,,,,,,,,,10:14.0 jonesde02 makes 2-pt layup from 6 ft (assist by hardeja01 ) +2 2-5
11,fg_miss,,,2.0,5.0,,giddejo01,2.0,jump shot,12.0,,jonesde02,,,,,,,,,,,,,,,,,,,,,,,,,9:59.0 2-5 giddejo01 misses 2-pt jump shot from 12 ft (block by jonesde02 )
12,rebound,,,2.0,5.0,,,,,,,,,,,defensive,leonaka01,False,,,,,,,,,,,,,,,,,,,9:57.0 Defensive rebound by leonaka01 2-5
13,fg_miss,,,2.0,5.0,,leonaka01,3.0,jump shot,23.0,,,,,,,,,,,,,,,,,,,,,,,,,,,9:51.0 leonaka01 misses 3-pt jump shot from 23 ft 2-5
14,rebound,,,2.0,5.0,,,,,,,,,,,defensive,colliza01,False,,,,,,,,,,,,,,,,,,,9:51.0 2-5 Defensive rebound by colliza01
15,fg_miss,,,2.0,5.0,,whiteco01,2.0,layup,14.0,,,,,,,,,,,,,,,,,,,,,,,,,,,9:30.0 2-5 whiteco01 misses 2-pt layup from 14 ft
16,rebound,,,2.0,5.0,,,,,,,,,,,defensive,,True,,,,,,,,,,,,,,,,,,,9:27.0 Defensive rebound by Team 2-5
17,fg_make,,,5.0,5.0,3.0,jonesde02,3.0,jump shot,26.0,dunnkr01,,,,,,,,,,,,,,,,,,,,,,,,,,9:14.0 jonesde02 makes 3-pt jump shot from 26 ft (assist by dunnkr01 ) +3 5-5
18,fg_make,,,5.0,7.0,2.0,balllo01,2.0,jump shot,16.0,,,,,,,,,,,,,,,,,,,,,,,,,,,9:04.0 5-7 +2 balllo01 makes 2-pt jump shot from 16 ft
19,foul,,,5.0,7.0,,,,,,,,,,,,,,shooting,whiteco01,dunnkr01,,,,,,,,,,,,,,,,8:42.0 Shooting foul by whiteco01 (drawn by dunnkr01 ) 5-7
20,free_throw,,,6.0,7.0,1.0,dunnkr01,,,,,,makes,1.0,2.0,,,,,,,,,,,,,,,,,,,,,,8:42.0 dunnkr01 makes free throw 1 of 2 +1 6-7
21,free_throw,,,7.0,7.0,1.0,dunnkr01,,,,,,makes,2.0,2.0,,,,,,,,,,,,,,,,,,,,,,8:42.0 dunnkr01 makes free throw 2 of 2 +1 7-7
22,fg_miss,,,7.0,7.0,,colliza01,2.0,jump shot,11.0,,,,,,,,,,,,,,,,,,,,,,,,,,,8:36.0 7-7 colliza01 misses 2-pt jump shot from 11 ft
23,rebound,,,7.0,7.0,,,,,,,,,,,defensive,jonesde02,False,,,,,,,,,,,,,,,,,,,8:34.0 Defensive rebound by jonesde02 7-7
24,fg_make,,,9.0,7.0,2.0,zubaciv01,2.0,dunk,4.0,hardeja01,,,,,,,,,,,,,,,,,,,,,,,,,,8:23.0 zubaciv01 makes 2-pt dunk from 4 ft (assist by hardeja01 ) +2 9-7
25,turnover,,,9.0,7.0,,,,,,,,,,,,,,,,,buzelma01,bad pass; steal by leonaka01,leonaka01,,,,,,,,,,,,,8:06.0 9-7 Turnover by buzelma01 (bad pass; steal by leonaka01 )
26,fg_make,,,11.0,7.0,2.0,leonaka01,2.0,jump shot,15.0,,,,,,,,,,,,,,,,,,,,,,,,,,,8:01.0 leonaka01 makes 2-pt jump shot from 15 ft +2 11-7
27,timeout,,,11.0,7.0,,,,,,,,,,,,,,,,,,,,,,,,,,,,Chicago full,,,,8:00.0 11-7 Chicago full timeout
28,foul,,,11.0,7.0,,,,,,,,,,,,,,away from play,dunnkr01,whiteco01,,,,,,,,,,,,,,,,8:00.0 11-7 Away from play foul by dunnkr01 (drawn by whiteco01 )
29,free_throw,,,11.0,8.0,1.0,whiteco01,,,,,,makes,1.0,1.0,,,,,,,,,,,,,,,,,,,,,,8:00.0 11-8 +1 whiteco01 makes free throw 1 of 1
30,fg_miss,,,11.0,8.0,,colliza01,3.0,jump shot,23.0,,,,,,,,,,,,,,,,,,,,,,,,,,,7:54.0 11-8 colliza01 misses 3-pt jump shot from 23 ft
31,rebound,,,11.0,8.0,,,,,,,,,,,defensive,zubaciv01,False,,,,,,,,,,,,,,,,,,,7:52.0 Defensive rebound by zubaciv01 11-8
32,fg_miss,,,11.0,8.0,,hardeja01,3.0,jump shot,27.0,,,,,,,,,,,,,,,,,,,,,,,,,,,7:45.0 hardeja01 misses 3-pt jump shot from 27 ft 11-8
33,rebound,,,11.0,8.0,,,,,,,,,,,defensive,buzelma01,False,,,,,,,,,,,,,,,,,,,7:43.0 11-8 Defensive rebound by buzelma01
34,fg_miss,,,11.0,8.0,,buzelma01,2.0,layup,6.0,,,,,,,,,,,,,,,,,,,,,,,,,,,7:35.0 11-8 buzelma01 misses 2-pt layup from 6 ft
35,rebound,,,11.0,8.0,,,,,,,,,,,defensive,dunnkr01,False,,,,,,,,,,,,,,,,,,,7:33.0 Defensive rebound by dunnkr01 11-8
36,fg_miss,,,11.0,8.0,,zubaciv01,2.0,jump shot,9.0,,,,,,,,,,,,,,,,,,,,,,,,,,,7:24.0 zubaciv01 misses 2-pt jump shot from 9 ft 11-8
37,rebound,,,11.0,8.0,,,,,,,,,,,offensive,zubaciv01,False,,,,,,,,,,,,,,,,,,,7:22.0 Offensive rebound by zubaciv01 11-8
38,violation,,,11.0,8.0,,,,,,,,,,,,,,,,,,,,Violation,Team,kicked ball,,,,,,,,,,7:12.0 11-8 Violation by Team (kicked ball)
39,substitution,,,11.0,8.0,,,,,,,,,,,,,,,,,,,,,,,,,,,,,,,,7:12.0 11-8 huertke01 enters the game for whiteco01
40,foul,,,11.0,8.0,,,,,,,,,,,,,,shooting,balllo01,jonesde02,,,,,,,,,,,,,,,,7:04.0 Shooting foul by balllo01 (drawn by jonesde02 ) 11-8
41,free_throw,,,12.0,8.0,1.0,jonesde02,,,,,,makes,1.0,2.0,,,,,,,,,,,,,,,,,,,,,,7:04.0 jonesde02 makes free throw 1 of 2 +1 12-8
42,free_throw,,,13.0,8.0,1.0,jonesde02,,,,,,makes,2.0,2.0,,,,,,,,,,,,,,,,,,,,,,7:04.0 jonesde02 makes free throw 2 of 2 +1 13-8
43,fg_make,,,13.0,10.0,2.0,giddejo01,2.0,layup,9.0,,,,,,,,,,,,,,,,,,,,,,,,,,,6:55.0 13-10 +2 giddejo01 makes 2-pt layup from 9 ft
44,fg_make,,,15.0,10.0,2.0,zubaciv01,2.0,dunk,3.0,jonesde02,,,,,,,,,,,,,,,,,,,,,,,,,,6:34.0 zubaciv01 makes 2-pt dunk from 3 ft (assist by jonesde02 ) +2 15-10
45,fg_miss,,,15.0,10.0,,buzelma01,3.0,jump shot,28.0,,,,,,,,,,,,,,,,,,,,,,,,,,,6:26.0 15-10 buzelma01 misses 3-pt jump shot from 28 ft
46,rebound,,,15.0,10.0,,,,,,,,,,,defensive,zubaciv01,False,,,,,,,,,,,,,,,,,,,6:24.0 Defensive rebound by zubaciv01 15-10
47,turnover,,,15.0,10.0,,,,,,,,,,,,,,,,,hardeja01,bad pass; steal by giddejo01,giddejo01,,,,,,,,,,,,,6:19.0 Turnover by hardeja01 (bad pass; steal by giddejo01 ) 15-10
48,fg_miss,,,15.0,10.0,,huertke01,3.0,jump shot,26.0,,,,,,,,,,,,,,,,,,,,,,,,,,,6:12.0 15-10 huertke01 misses 3-pt jump shot from 26 ft
49,rebound,,,15.0,10.0,,,,,,,,,,,offensive,colliza01,False,,,,,,,,,,,,,,,,,,,6:09.0 15-10 Offensive rebound by colliza01
50,fg_miss,,,15.0,10.0,,giddejo01,2.0,jump shot,10.0,,,,,,,,,,,,,,,,,,,,,,,,,,,6:05.0 15-10 giddejo01 misses 2-pt jump shot from 10 ft
51,rebound,,,15.0,10.0,,,,,,,,,,,offensive,colliza01,False,,,,,,,,,,,,,,,,,,,6:03.0 15-10 Offensive rebound by colliza01
52,fg_make,,,15.0,12.0,2.0,colliza01,2.0,layup,3.0,,,,,,,,,,,,,,,,,,,,,,,,,,,6:03.0 15-12 +2 colliza01 makes 2-pt layup from 3 ft
53,fg_miss,,,15.0,12.0,,jonesde02,3.0,jump shot,27.0,,,,,,,,,,,,,,,,,,,,,,,,,,,5:40.0 jonesde02 misses 3-pt jump shot from 27 ft 15-12
54,rebound,,,15.0,12.0,,,,,,,,,,,defensive,colliza01,False,,,,,,,,,,,,,,,,,,,5:38.0 15-12 Defensive rebound by colliza01
55,fg_miss,,,15.0,12.0,,huertke01,2.0,layup,6.0,,,,,,,,,,,,,,,,,,,,,,,,,,,5:26.0 15-12 huertke01 misses 2-pt layup from 6 ft
56,rebound,,,15.0,12.0,,,,,,,,,,,defensive,leonaka01,False,,,,,,,,,,,,,,,,,,,5:23.0 Defensive rebound by leonaka01 15-12
57,turnover,,,15.0,12.0,,,,,,,,,,,,,,,,,hardeja01,bad pass; steal by colliza01,colliza01,,,,,,,,,,,,,5:17.0 Turnover by hardeja01 (bad pass; steal by colliza01 ) 15-12
58,fg_miss,,,15.0,12.0,,huertke01,3.0,jump shot,28.0,,,,,,,,,,,,,,,,,,,,,,,,,,,5:13.0 15-12 huertke01 misses 3-pt jump shot from 28 ft
59,rebound,,,15.0,12.0,,,,,,,,,,,defensive,zubaciv01,False,,,,,,,,,,,,,,,,,,,5:08.0 Defensive rebound by zubaciv01 15-12
60,fg_make,,,18.0,12.0,3.0,leonaka01,3.0,jump shot,24.0,zubaciv01,,,,,,,,,,,,,,,,,,,,,,,,,,4:56.0 leonaka01 makes 3-pt jump shot from 24 ft (assist by zubaciv01 ) +3 18-12
61,fg_make,,,18.0,15.0,3.0,buzelma01,3.0,jump shot,23.0,giddejo01,,,,,,,,,,,,,,,,,,,,,,,,,,4:33.0 18-15 +3 buzelma01 makes 3-pt jump shot from 23 ft (assist by giddejo01 )
62,timeout,,,18.0,15.0,,,,,,,,,,,,,,,,,,,,,,,,,,,,LA Clippers full,,,,4:30.0 LA Clippers full timeout 18-15
63,substitution,,,18.0,15.0,,,,,,,,,,,,,,,,,,,,,,,,,,,,,,,,4:30.0 bogdabo01 enters the game for dunnkr01 18-15
64,substitution,,,18.0,15.0,,,,,,,,,,,,,,,,,,,,,,,,,,,,,,,,4:30.0 coffeam01 enters the game for leonaka01 18-15
65,substitution,,,18.0,15.0,,,,,,,,,,,,,,,,,,,,,,,,,,,,,,,,4:30.0 18-15 phillju01 enters the game for balllo01
66,substitution,,,18.0,15.0,,,,,,,,,,,,,,,,,,,,,,,,,,,,,,,,4:30.0 18-15 terryda01 enters the game for buzelma01
67,fg_make,,,21.0,15.0,3.0,coffeam01,3.0,jump shot,24.0,hardeja01,,,,,,,,,,,,,,,,,,,,,,,,,,4:08.0 coffeam01 makes 3-pt jump shot from 24 ft (assist by hardeja01 ) +3 21-15
68,fg_make,,,21.0,18.0,3.0,huertke01,3.0,jump shot,26.0,giddejo01,,,,,,,,,,,,,,,,,,,,,,,,,,3:44.0 21-18 +3 huertke01 makes 3-pt jump shot from 26 ft (assist by giddejo01 )
69,fg_miss,,,21.0,18.0,,hardeja01,2.0,jump shot,10.0,,,,,,,,,,,,,,,,,,,,,,,,,,,3:30.0 hardeja01 misses 2-pt jump shot from 10 ft 21-18
70,rebound,,,21.0,18.0,,,,,,,,,,,offensive,zubaciv01,False,,,,,,,,,,,,,,,,,,,3:27.0 Offensive rebound by zubaciv01 21-18
71,fg_make,,,23.0,18.0,2.0,jonesde02,2.0,layup,9.0,zubaciv01,,,,,,,,,,,,,,,,,,,,,,,,,,3:25.0 jonesde02 makes 2-pt layup from 9 ft (assist by zubaciv01 ) +2 23-18
72,fg_make,,,23.0,20.0,2.0,colliza01,2.0,layup,4.0,giddejo01,,,,,,,,,,,,,,,,,,,,,,,,,,3:07.0 23-20 +2 colliza01 makes 2-pt layup from 4 ft (assist by giddejo01 )
73,foul,,,23.0,20.0,,,,,,,,,,,,,,shooting,bogdabo01,colliza01,,,,,,,,,,,,,,,,3:07.0 23-20 Shooting foul by bogdabo01 (drawn by colliza01 )
74,substitution,,,23.0,20.0,,,,,,,,,,,,,,,,,,,,,,,,,,,,,,,,3:07.0 batumni01 enters the game for jonesde02 23-20
75,substitution,,,23.0,20.0,,,,,,,,,,,,,,,,,,,,,,,,,,,,,,,,3:07.0 simmobe01 enters the game for zubaciv01 23-20
76,free_throw,,,23.0,21.0,1.0,colliza01,,,,,,makes,1.0,1.0,,,,,,,,,,,,,,,,,,,,,,3:07.0 23-21 +1 colliza01 makes free throw 1 of 1
77,foul,,,23.0,21.0,,,,,,,,,,,,,,shooting,giddejo01,coffeam01,,,,,,,,,,,,,,,,2:51.0 Shooting foul by giddejo01 (drawn by coffeam01 ) 23-21
78,free_throw,,,24.0,21.0,1.0,coffeam01,,,,,,makes,1.0,2.0,,,,,,,,,,,,,,,,,,,,,,2:51.0 coffeam01 makes free throw 1 of 2 +1 24-21
79,substitution,,,24.0,21.0,,,,,,,,,,,,,,,,,,,,,,,,,,,,,,,,2:51.0 24-21 buzelma01 enters the game for colliza01
80,substitution,,,24.0,21.0,,,,,,,,,,,,,,,,,,,,,,,,,,,,,,,,2:51.0 24-21 whiteco01 enters the game for giddejo01
81,free_throw,,,25.0,21.0,1.0,coffeam01,,,,,,makes,2.0,2.0,,,,,,,,,,,,,,,,,,,,,,2:51.0 coffeam01 makes free throw 2 of 2 +1 25-21
82,fg_make,,,25.0,23.0,2.0,phillju01,2.0,layup,5.0,whiteco01,,,,,,,,,,,,,,,,,,,,,,,,,,2:35.0 25-23 +2 phillju01 makes 2-pt layup from 5 ft (assist by whiteco01 )
83,fg_miss,,,25.0,23.0,,batumni01,3.0,jump shot,24.0,,,,,,,,,,,,,,,,,,,,,,,,,,,2:20.0 batumni01 misses 3-pt jump shot from 24 ft 25-23
84,rebound,,,25.0,23.0,,,,,,,,,,,defensive,whiteco01,False,,,,,,,,,,,,,,,,,,,2:18.0 25-23 Defensive rebound by whiteco01
85,fg_make,,,25.0,26.0,3.0,whiteco01,3.0,jump shot,26.0,huertke01,,,,,,,,,,,,,,,,,,,,,,,,,,2:07.0 25-26 +3 whiteco01 makes 3-pt jump shot from 26 ft (assist by huertke01 )
86,foul,,,25.0,26.0,,,,,,,,,,,,,,personal,whiteco01,coffeam01,,,,,,,,,,,,,,,,1:56.0 Personal foul by whiteco01 (drawn by coffeam01 ) 25-26
87,fg_miss,,,25.0,26.0,,bogdabo01,3.0,jump shot,29.0,,,,,,,,,,,,,,,,,,,,,,,,,,,1:52.0 bogdabo01 misses 3-pt jump shot from 29 ft 25-26
88,rebound,,,25.0,26.0,,,,,,,,,,,defensive,phillju01,False,,,,,,,,,,,,,,,,,,,1:50.0 25-26 Defensive rebound by phillju01
89,foul,,,25.0,26.0,,,,,,,,,,,,,,personal,hardeja01,whiteco01,,,,,,,,,,,,,,,,1:39.0 25-26 Personal foul by hardeja01 (drawn by whiteco01 )
90,foul,,,25.0,26.0,,,,,,,,,,,,,,personal,bogdabo01,terryda01,,,,,,,,,,,,,,,,1:37.0 25-26 Personal foul by bogdabo01 (drawn by terryda01 )
91,substitution,,,25.0,26.0,,,,,,,,,,,,,,,,,,,,,,,,,,,,,,,,1:37.0 eubandr01 enters the game for hardeja01 25-26
92,free_throw,,,25.0,26.0,,terryda01,,,,,,misses,1.0,2.0,,,,,,,,,,,,,,,,,,,,,,1:37.0 25-26 terryda01 misses free throw 1 of 2
93,rebound,,,25.0,26.0,,,,,,,,,,,offensive,,True,,,,,,,,,,,,,,,,,,,1:37.0 25-26 Offensive rebound by Team
94,free_throw,,,25.0,26.0,,terryda01,,,,,,misses,2.0,2.0,,,,,,,,,,,,,,,,,,,,,,1:37.0 25-26 terryda01 misses free throw 2 of 2
95,rebound,,,25.0,26.0,,,,,,,,,,,defensive,simmobe01,False,,,,,,,,,,,,,,,,,,,1:34.0 Defensive rebound by simmobe01 25-26
96,fg_make,,,27.0,26.0,2.0,simmobe01,2.0,dunk,3.0,bogdabo01,,,,,,,,,,,,,,,,,,,,,,,,,,1:18.0 simmobe01 makes 2-pt dunk from 3 ft (assist by bogdabo01 ) +2 27-26
97,fg_miss,,,27.0,26.0,,phillju01,3.0,jump shot,23.0,,,,,,,,,,,,,,,,,,,,,,,,,,,1:12.0 27-26 phillju01 misses 3-pt jump shot from 23 ft
98,rebound,,,27.0,26.0,,,,,,,,,,,offensive,buzelma01,False,,,,,,,,,,,,,,,,,,,1:10.0 27-26 Offensive rebound by buzelma01
99,fg_miss,,,27.0,26.0,,terryda01,2.0,layup,6.0,,,,,,,,,,,,,,,,,,,,,,,,,,,1:02.0 27-26 terryda01 misses 2-pt layup from 6 ft
100,rebound,,,27.0,26.0,,,,,,,,,,,offensive,terryda01,False,,,,,,,,,,,,,,,,,,,1:00.0 27-26 Offensive rebound by terryda01
101,fg_miss,,,27.0,26.0,,terryda01,2.0,jump shot,9.0,,,,,,,,,,,,,,,,,,,,,,,,,,,0:59.0 27-26 terryda01 misses 2-pt jump shot from 9 ft
102,rebound,,,27.0,26.0,,,,,,,,,,,defensive,eubandr01,False,,,,,,,,,,,,,,,,,,,0:56.0 Defensive rebound by eubandr01 27-26
103,fg_make,,,29.0,26.0,2.0,eubandr01,2.0,layup,4.0,bogdabo01,,,,,,,,,,,,,,,,,,,,,,,,,,0:43.0 eubandr01 makes 2-pt layup from 4 ft (assist by bogdabo01 ) +2 29-26
104,fg_miss,,,29.0,26.0,,buzelma01,2.0,layup,7.0,,,,,,,,,,,,,,,,,,,,,,,,,,,0:33.0 29-26 buzelma01 misses 2-pt layup from 7 ft
105,rebound,,,29.0,26.0,,,,,,,,,,,defensive,simmobe01,False,,,,,,,,,,,,,,,,,,,0:31.0 Defensive rebound by simmobe01 29-26
106,foul,,,29.0,26.0,,,,,,,,,,,,,,shooting,huertke01,coffeam01,,,,,,,,,,,,,,,,0:27.0 Shooting foul by huertke01 (drawn by coffeam01 ) 29-26
107,free_throw,,,30.0,26.0,1.0,coffeam01,,,,,,makes,1.0,2.0,,,,,,,,,,,,,,,,,,,,,,0:27.0 coffeam01 makes free throw 1 of 2 +1 30-26
108,substitution,,,30.0,26.0,,,,,,,,,,,,,,,,,,,,,,,,,,,,,,,,0:27.0 dunnkr01 enters the game for bogdabo01 30-26
109,substitution,,,30.0,26.0,,,,,,,,,,,,,,,,,,,,,,,,,,,,,,,,0:27.0 jonesde02 enters the game for eubandr01 30-26
110,free_throw,,,31.0,26.0,1.0,coffeam01,,,,,,makes,2.0,2.0,,,,,,,,,,,,,,,,,,,,,,0:27.0 coffeam01 makes free throw 2 of 2 +1 31-26
111,fg_miss,,,31.0,26.0,,whiteco01,2.0,layup,5.0,,batumni01,,,,,,,,,,,,,,,,,,,,,,,,,0:06.0 31-26 whiteco01 misses 2-pt layup from 5 ft (block by batumni01 )
112,rebound,,,31.0,26.0,,,,,,,,,,,defensive,coffeam01,False,,,,,,,,,,,,,,,,,,,0:05.0 Defensive rebound by coffeam01 31-26
113,fg_miss,,,31.0,26.0,,coffeam01,2.0,jump shot,18.0,,,,,,,,,,,,,,,,,,,,,,,,,,,0:01.0 coffeam01 misses 2-pt jump shot from 18 ft 31-26
114,rebound,,,31.0,26.0,,,,,,,,,,,offensive,,True,,,,,,,,,,,,,,,,,,,0:00.0 Offensive rebound by Team 31-26
115,period_end,,,,,,,,,,,,,,,,,,,,,,,,,,,,,,,,,quarter,1.0,,0:00.0 End of 1st quarter
116,period_start,,,,,,,,,,,,,,,,,,,,,,,,,,,,,,,,,quarter,2.0,,12:00.0 Start of 2nd quarter
117,fg_make,,,33.0,26.0,2.0,simmobe01,2.0,jump shot,10.0,bogdabo01,,,,,,,,,,,,,,,,,,,,,,,,,,11:39.0 simmobe01 makes 2-pt jump shot from 10 ft (assist by bogdabo01 ) +2 33-26
118,fg_miss,,,33.0,26.0,,whiteco01,3.0,jump shot,27.0,,,,,,,,,,,,,,,,,,,,,,,,,,,11:17.0 33-26 whiteco01 misses 3-pt jump shot from 27 ft
119,rebound,,,33.0,26.0,,,,,,,,,,,defensive,eubandr01,False,,,,,,,,,,,,,,,,,,,11:14.0 Defensive rebound by eubandr01 33-26
120,turnover,,,33.0,26.0,,,,,,,,,,,,,,,,,eubandr01,lost ball,,,,,,,,,,,,,,11:10.0 Turnover by eubandr01 (lost ball) 33-26
121,foul,,,33.0,26.0,,,,,,,,,,,,,,loose ball,eubandr01,buzelma01,,,,,,,,,,,,,,,,11:10.0 Loose ball foul by eubandr01 (drawn by buzelma01 ) 33-26
122,substitution,,,33.0,26.0,,,,,,,,,,,,,,,,,,,,,,,,,,,,,,,,11:10.0 33-26 jonestr01 enters the game for terryda01
123,fg_make,,,33.0,28.0,2.0,whiteco01,2.0,dunk,5.0,buzelma01,,,,,,,,,,,,,,,,,,,,,,,,,,11:02.0 33-28 +2 whiteco01 makes 2-pt dunk from 5 ft (assist by buzelma01 )
124,fg_make,,,35.0,28.0,2.0,eubandr01,2.0,layup,2.0,simmobe01,,,,,,,,,,,,,,,,,,,,,,,,,,10:45.0 eubandr01 makes 2-pt layup from 2 ft (assist by simmobe01 ) +2 35-28
125,turnover,,,35.0,28.0,,,,,,,,,,,,,,,,,phillju01,out of bounds lost ball,,,,,,,,,,,,,,10:37.0 35-28 Turnover by phillju01 (out of bounds lost ball)
126,fg_make,,,37.0,28.0,2.0,bogdabo01,2.0,layup,5.0,simmobe01,,,,,,,,,,,,,,,,,,,,,,,,,,10:26.0 bogdabo01 makes 2-pt layup from 5 ft (assist by simmobe01 ) +2 37-28
127,fg_make,,,37.0,30.0,2.0,jonestr01,2.0,layup,6.0,whiteco01,,,,,,,,,,,,,,,,,,,,,,,,,,10:15.0 37-30 +2 jonestr01 makes 2-pt layup from 6 ft (assist by whiteco01 )
128,fg_make,,,40.0,30.0,3.0,coffeam01,3.0,jump shot,27.0,simmobe01,,,,,,,,,,,,,,,,,,,,,,,,,,9:58.0 coffeam01 makes 3-pt jump shot from 27 ft (assist by simmobe01 ) +3 40-30
129,fg_make,,,40.0,32.0,2.0,huertke01,2.0,layup,6.0,,,,,,,,,,,,,,,,,,,,,,,,,,,9:38.0 40-32 +2 huertke01 makes 2-pt layup from 6 ft
130,fg_make,,,42.0,32.0,2.0,coffeam01,2.0,layup,7.0,simmobe01,,,,,,,,,,,,,,,,,,,,,,,,,,9:24.0 coffeam01 makes 2-pt layup from 7 ft (assist by simmobe01 ) +2 42-32
131,fg_miss,,,42.0,32.0,,jonestr01,2.0,layup,4.0,,eubandr01,,,,,,,,,,,,,,,,,,,,,,,,,9:08.0 42-32 jonestr01 misses 2-pt layup from 4 ft (block by eubandr01 )
132,rebound,,,42.0,32.0,,,,,,,,,,,offensive,jonestr01,False,,,,,,,,,,,,,,,,,,,9:06.0 42-32 Offensive rebound by jonestr01
133,fg_miss,,,42.0,32.0,,whiteco01,3.0,jump shot,26.0,,,,,,,,,,,,,,,,,,,,,,,,,,,9:02.0 42-32 whiteco01 misses 3-pt jump shot from 26 ft
134,rebound,,,42.0,32.0,,,,,,,,,,,defensive,eubandr01,False,,,,,,,,,,,,,,,,,,,9:00.0 Defensive rebound by eubandr01 42-32
135,fg_make,,,44.0,32.0,2.0,coffeam01,2.0,jump shot,8.0,,,,,,,,,,,,,,,,,,,,,,,,,,,8:48.0 coffeam01 makes 2-pt jump shot from 8 ft +2 44-32
136,timeout,,,44.0,32.0,,,,,,,,,,,,,,,,,,,,,,,,,,,,Chicago full,,,,8:47.0 44-32 Chicago full timeout
137,substitution,,,44.0,32.0,,,,,,,,,,,,,,,,,,,,,,,,,,,,,,,,8:47.0 leonaka01 enters the game for eubandr01 44-32
138,substitution,,,44.0,32.0,,,,,,,,,,,,,,,,,,,,,,,,,,,,,,,,8:47.0 44-32 colliza01 enters the game for buzelma01
139,substitution,,,44.0,32.0,,,,,,,,,,,,,,,,,,,,,,,,,,,,,,,,8:47.0 44-32 giddejo01 enters the game for whiteco01
140,turnover,,,44.0,32.0,,,,,,,,,,,,,,,,,huertke01,lost ball; steal by leonaka01,leonaka01,,,,,,,,,,,,,8:35.0 44-32 Turnover by huertke01 (lost ball; steal by leonaka01 )
141,fg_miss,,,44.0,32.0,,coffeam01,3.0,jump shot,23.0,,,,,,,,,,,,,,,,,,,,,,,,,,,8:24.0 coffeam01 misses 3-pt jump shot from 23 ft 44-32
142,rebound,,,44.0,32.0,,,,,,,,,,,defensive,giddejo01,False,,,,,,,,,,,,,,,,,,,8:22.0 44-32 Defensive rebound by giddejo01
143,fg_make,,,44.0,35.0,3.0,huertke01,3.0,jump shot,27.0,giddejo01,,,,,,,,,,,,,,,,,,,,,,,,,,8:14.0 44-35 +3 huertke01 makes 3-pt jump shot from 27 ft (assist by giddejo01 )
144,fg_make,,,47.0,35.0,3.0,leonaka01,3.0,jump shot,28.0,simmobe01,,,,,,,,,,,,,,,,,,,,,,,,,,7:49.0 leonaka01 makes 3-pt jump shot from 28 ft (assist by simmobe01 ) +3 47-35
145,fg_miss,,,47.0,35.0,,giddejo01,2.0,layup,6.0,,,,,,,,,,,,,,,,,,,,,,,,,,,7:31.0 47-35 giddejo01 misses 2-pt layup from 6 ft
146,rebound,,,47.0,35.0,,,,,,,,,,,offensive,colliza01,False,,,,,,,,,,,,,,,,,,,7:30.0 47-35 Offensive rebound by colliza01
147,fg_miss,,,47.0,35.0,,huertke01,3.0,jump shot,29.0,,,,,,,,,,,,,,,,,,,,,,,,,,,7:24.0 47-35 huertke01 misses 3-pt jump shot from 29 ft
148,rebound,,,47.0,35.0,,,,,,,,,,,defensive,leonaka01,False,,,,,,,,,,,,,,,,,,,7:20.0 Defensive rebound by leonaka01 47-35
149,fg_miss,,,47.0,35.0,,leonaka01,3.0,jump shot,27.0,,,,,,,,,,,,,,,,,,,,,,,,,,,7:15.0 leonaka01 misses 3-pt jump shot from 27 ft 47-35
150,rebound,,,47.0,35.0,,,,,,,,,,,defensive,huertke01,False,,,,,,,,,,,,,,,,,,,7:13.0 47-35 Defensive rebound by huertke01
151,fg_make,,,47.0,37.0,2.0,giddejo01,2.0,layup,3.0,huertke01,,,,,,,,,,,,,,,,,,,,,,,,,,7:09.0 47-37 +2 giddejo01 makes 2-pt layup from 3 ft (assist by huertke01 )
152,fg_miss,,,47.0,37.0,,simmobe01,2.0,layup,4.0,,,,,,,,,,,,,,,,,,,,,,,,,,,6:50.0 simmobe01 misses 2-pt layup from 4 ft 47-37
153,rebound,,,47.0,37.0,,,,,,,,,,,defensive,colliza01,False,,,,,,,,,,,,,,,,,,,6:49.0 47-37 Defensive rebound by colliza01
154,fg_make,,,47.0,39.0,2.0,colliza01,2.0,layup,6.0,giddejo01,,,,,,,,,,,,,,,,,,,,,,,,,,6:43.0 47-39 +2 colliza01 makes 2-pt layup from 6 ft (assist by giddejo01 )
155,timeout,,,47.0,39.0,,,,,,,,,,,,,,,,,,,,,,,,,,,,LA Clippers full,,,,6:42.0 LA Clippers full timeout 47-39
156,substitution,,,47.0,39.0,,,,,,,,,,,,,,,,,,,,,,,,,,,,,,,,6:42.0 dunnkr01 enters the game for batumni01 47-39
157,substitution,,,47.0,39.0,,,,,,,,,,,,,,,,,,,,,,,,,,,,,,,,6:42.0 hardeja01 enters the game for bogdabo01 47-39
158,substitution,,,47.0,39.0,,,,,,,,,,,,,,,,,,,,,,,,,,,,,,,,6:42.0 jonesde02 enters the game for coffeam01 47-39
159,substitution,,,47.0,39.0,,,,,,,,,,,,,,,,,,,,,,,,,,,,,,,,6:42.0 zubaciv01 enters the game for simmobe01 47-39
160,substitution,,,47.0,39.0,,,,,,,,,,,,,,,,,,,,,,,,,,,,,,,,6:42.0 47-39 balllo01 enters the game for huertke01
161,substitution,,,47.0,39.0,,,,,,,,,,,,,,,,,,,,,,,,,,,,,,,,6:42.0 47-39 terryda01 enters the game for phillju01
162,fg_make,,,49.0,39.0,2.0,zubaciv01,2.0,hook shot,7.0,hardeja01,,,,,,,,,,,,,,,,,,,,,,,,,,6:23.0 zubaciv01 makes 2-pt hook shot from 7 ft (assist by hardeja01 ) +2 49-39
163,fg_make,,,49.0,41.0,2.0,jonestr01,2.0,layup,4.0,colliza01,,,,,,,,,,,,,,,,,,,,,,,,,,6:09.0 49-41 +2 jonestr01 makes 2-pt layup from 4 ft (assist by colliza01 )
164,fg_miss,,,49.0,41.0,,jonesde02,3.0,jump shot,23.0,,,,,,,,,,,,,,,,,,,,,,,,,,,5:56.0 jonesde02 misses 3-pt jump shot from 23 ft 49-41
165,rebound,,,49.0,41.0,,,,,,,,,,,defensive,,True,,,,,,,,,,,,,,,,,,,5:53.0 49-41 Defensive rebound by Team
166,fg_make,,,49.0,43.0,2.0,jonestr01,2.0,layup,6.0,giddejo01,,,,,,,,,,,,,,,,,,,,,,,,,,5:41.0 49-43 +2 jonestr01 makes 2-pt layup from 6 ft (assist by giddejo01 )
167,turnover,,,49.0,43.0,,,,,,,,,,,,,,,,,hardeja01,bad pass; steal by balllo01,balllo01,,,,,,,,,,,,,5:21.0 Turnover by hardeja01 (bad pass; steal by balllo01 ) 49-43
168,fg_make,,,49.0,45.0,2.0,jonestr01,2.0,layup,4.0,balllo01,,,,,,,,,,,,,,,,,,,,,,,,,,5:17.0 49-45 +2 jonestr01 makes 2-pt layup from 4 ft (assist by balllo01 )
169,turnover,,,49.0,45.0,,,,,,,,,,,,,,,,,leonaka01,lost ball; steal by jonestr01,jonestr01,,,,,,,,,,,,,4:56.0 Turnover by leonaka01 (lost ball; steal by jonestr01 ) 49-45
170,fg_make,,,49.0,47.0,2.0,colliza01,2.0,layup,3.0,giddejo01,,,,,,,,,,,,,,,,,,,,,,,,,,4:41.0 49-47 +2 colliza01 makes 2-pt layup from 3 ft (assist by giddejo01 )
171,foul,,,49.0,47.0,,,,,,,,,,,,,,shooting,colliza01,zubaciv01,,,,,,,,,,,,,,,,4:24.0 Shooting foul by colliza01 (drawn by zubaciv01 ) 49-47
172,free_throw,,,49.0,47.0,,zubaciv01,,,,,,misses,1.0,2.0,,,,,,,,,,,,,,,,,,,,,,4:24.0 zubaciv01 misses free throw 1 of 2 49-47
173,rebound,,,49.0,47.0,,,,,,,,,,,offensive,,True,,,,,,,,,,,,,,,,,,,4:24.0 Offensive rebound by Team 49-47
174,free_throw,,,49.0,47.0,,zubaciv01,,,,,,misses,2.0,2.0,,,,,,,,,,,,,,,,,,,,,,4:24.0 zubaciv01 misses free throw 2 of 2 49-47
175,rebound,,,49.0,47.0,,,,,,,,,,,defensive,giddejo01,False,,,,,,,,,,,,,,,,,,,4:23.0 49-47 Defensive rebound by giddejo01
176,foul,,,49.0,47.0,,,,,,,,,,,,,,shooting,leonaka01,colliza01,,,,,,,,,,,,,,,,4:12.0 49-47 Shooting foul by leonaka01 (drawn by colliza01 )
177,free_throw,,,49.0,48.0,1.0,colliza01,,,,,,makes,1.0,2.0,,,,,,,,,,,,,,,,,,,,,,4:12.0 49-48 +1 colliza01 makes free throw 1 of 2
178,free_throw,,,49.0,48.0,,colliza01,,,,,,misses,2.0,2.0,,,,,,,,,,,,,,,,,,,,,,4:12.0 49-48 colliza01 misses free throw 2 of 2
179,rebound,,,49.0,48.0,,,,,,,,,,,defensive,jonesde02,False,,,,,,,,,,,,,,,,,,,4:10.0 Defensive rebound by jonesde02 49-48
180,turnover,,,49.0,48.0,,,,,,,,,,,,,,,,,hardeja01,bad pass; steal by terryda01,terryda01,,,,,,,,,,,,,3:59.0 Turnover by hardeja01 (bad pass; steal by terryda01 ) 49-48
181,fg_make,,,49.0,50.0,2.0,jonestr01,2.0,layup,6.0,terryda01,,,,,,,,,,,,,,,,,,,,,,,,,,3:55.0 49-50 +2 jonestr01 makes 2-pt layup from 6 ft (assist by terryda01 )
182,fg_make,,,51.0,50.0,2.0,jonesde02,2.0,layup,7.0,zubaciv01,,,,,,,,,,,,,,,,,,,,,,,,,,3:32.0 jonesde02 makes 2-pt layup from 7 ft (assist by zubaciv01 ) +2 51-50
183,substitution,,,51.0,50.0,,,,,,,,,,,,,,,,,,,,,,,,,,,,,,,,3:32.0 51-50 whiteco01 enters the game for jonestr01
184,fg_miss,,,51.0,50.0,,balllo01,3.0,jump shot,28.0,,,,,,,,,,,,,,,,,,,,,,,,,,,3:21.0 51-50 balllo01 misses 3-pt jump shot from 28 ft
185,rebound,,,51.0,50.0,,,,,,,,,,,defensive,zubaciv01,False,,,,,,,,,,,,,,,,,,,3:19.0 Defensive rebound by zubaciv01 51-50
186,fg_make,,,53.0,50.0,2.0,zubaciv01,2.0,jump shot,10.0,dunnkr01,,,,,,,,,,,,,,,,,,,,,,,,,,3:11.0 zubaciv01 makes 2-pt jump shot from 10 ft (assist by dunnkr01 ) +2 53-50
187,fg_make,,,53.0,52.0,2.0,terryda01,2.0,dunk,4.0,colliza01,,,,,,,,,,,,,,,,,,,,,,,,,,3:02.0 53-52 +2 terryda01 makes 2-pt dunk from 4 ft (assist by colliza01 )
188,foul,,,53.0,52.0,,,,,,,,,,,,,,personal,balllo01,zubaciv01,,,,,,,,,,,,,,,,2:42.0 Personal foul by balllo01 (drawn by zubaciv01 ) 53-52
189,fg_miss,,,53.0,52.0,,dunnkr01,2.0,jump shot,10.0,,,,,,,,,,,,,,,,,,,,,,,,,,,2:31.0 dunnkr01 misses 2-pt jump shot from 10 ft 53-52
190,rebound,,,53.0,52.0,,,,,,,,,,,defensive,colliza01,False,,,,,,,,,,,,,,,,,,,2:30.0 53-52 Defensive rebound by colliza01
191,fg_miss,,,53.0,52.0,,terryda01,3.0,jump shot,23.0,,,,,,,,,,,,,,,,,,,,,,,,,,,2:18.0 53-52 terryda01 misses 3-pt jump shot from 23 ft
192,rebound,,,53.0,52.0,,,,,,,,,,,defensive,leonaka01,False,,,,,,,,,,,,,,,,,,,2:16.0 Defensive rebound by leonaka01 53-52
193,fg_make,,,56.0,52.0,3.0,dunnkr01,3.0,jump shot,27.0,leonaka01,,,,,,,,,,,,,,,,,,,,,,,,,,2:05.0 dunnkr01 makes 3-pt jump shot from 27 ft (assist by leonaka01 ) +3 56-52
194,fg_make,,,56.0,55.0,3.0,colliza01,3.0,jump shot,27.0,giddejo01,,,,,,,,,,,,,,,,,,,,,,,,,,1:50.0 56-55 +3 colliza01 makes 3-pt jump shot from 27 ft (assist by giddejo01 )
195,fg_miss,,,56.0,55.0,,zubaciv01,2.0,jump shot,13.0,,,,,,,,,,,,,,,,,,,,,,,,,,,1:33.0 zubaciv01 misses 2-pt jump shot from 13 ft 56-55
196,rebound,,,56.0,55.0,,,,,,,,,,,defensive,giddejo01,False,,,,,,,,,,,,,,,,,,,1:31.0 56-55 Defensive rebound by giddejo01
197,fg_miss,,,56.0,55.0,,whiteco01,3.0,jump shot,26.0,,,,,,,,,,,,,,,,,,,,,,,,,,,1:24.0 56-55 whiteco01 misses 3-pt jump shot from 26 ft
198,rebound,,,56.0,55.0,,,,,,,,,,,defensive,jonesde02,False,,,,,,,,,,,,,,,,,,,1:21.0 Defensive rebound by jonesde02 56-55
199,fg_make,,,59.0,55.0,3.0,hardeja01,3.0,jump shot,28.0,,,,,,,,,,,,,,,,,,,,,,,,,,,1:13.0 hardeja01 makes 3-pt jump shot from 28 ft +3 59-55
200,fg_miss,,,59.0,55.0,,balllo01,3.0,jump shot,24.0,,,,,,,,,,,,,,,,,,,,,,,,,,,1:00.0 59-55 balllo01 misses 3-pt jump shot from 24 ft
201,rebound,,,59.0,55.0,,,,,,,,,,,defensive,zubaciv01,False,,,,,,,,,,,,,,,,,,,0:58.0 Defensive rebound by zubaciv01 59-55
202,turnover,,,59.0,55.0,,,,,,,,,,,,,,,,,hardeja01,lost ball; steal by terryda01,terryda01,,,,,,,,,,,,,0:48.0 Turnover by hardeja01 (lost ball; steal by terryda01 ) 59-55
203,fg_make,,,59.0,57.0,2.0,balllo01,2.0,dunk,2.0,terryda01,,,,,,,,,,,,,,,,,,,,,,,,,,0:42.0 59-57 +2 balllo01 makes 2-pt dunk from 2 ft (assist by terryda01 )
204,fg_miss,,,59.0,57.0,,hardeja01,3.0,jump shot,27.0,,,,,,,,,,,,,,,,,,,,,,,,,,,0:34.0 hardeja01 misses 3-pt jump shot from 27 ft 59-57
205,rebound,,,59.0,57.0,,,,,,,,,,,defensive,giddejo01,False,,,,,,,,,,,,,,,,,,,0:31.0 59-57 Defensive rebound by giddejo01
206,fg_make,,,59.0,59.0,2.0,giddejo01,2.0,layup,8.0,,,,,,,,,,,,,,,,,,,,,,,,,,,0:24.0 59-59 +2 giddejo01 makes 2-pt layup from 8 ft
207,foul,,,59.0,59.0,,,,,,,,,,,,,,shooting,zubaciv01,giddejo01,,,,,,,,,,,,,,,,0:24.0 59-59 Shooting foul by zubaciv01 (drawn by giddejo01 )
208,substitution,,,59.0,59.0,,,,,,,,,,,,,,,,,,,,,,,,,,,,,,,,0:24.0 59-59 huertke01 enters the game for whiteco01
209,free_throw,,,59.0,60.0,1.0,giddejo01,,,,,,makes,1.0,1.0,,,,,,,,,,,,,,,,,,,,,,0:24.0 59-60 +1 giddejo01 makes free throw 1 of 1
210,fg_miss,,,59.0,60.0,,leonaka01,2.0,jump shot,11.0,,,,,,,,,,,,,,,,,,,,,,,,,,,0:04.0 leonaka01 misses 2-pt jump shot from 11 ft 59-60
211,rebound,,,59.0,60.0,,,,,,,,,,,defensive,colliza01,False,,,,,,,,,,,,,,,,,,,0:01.0 59-60 Defensive rebound by colliza01
212,period_end,,,,,,,,,,,,,,,,,,,,,,,,,,,,,,,,,quarter,2.0,,0:00.0 End of 2nd quarter
213,period_start,,,,,,,,,,,,,,,,,,,,,,,,,,,,,,,,,quarter,3.0,,12:00.0 Start of 3rd quarter
214,fg_make,,,61.0,60.0,2.0,leonaka01,2.0,jump shot,21.0,,,,,,,,,,,,,,,,,,,,,,,,,,,11:46.0 leonaka01 makes 2-pt jump shot from 21 ft +2 61-60
215,fg_make,,,61.0,63.0,3.0,whiteco01,3.0,jump shot,26.0,balllo01,,,,,,,,,,,,,,,,,,,,,,,,,,11:28.0 61-63 +3 whiteco01 makes 3-pt jump shot from 26 ft (assist by balllo01 )
216,foul,,,61.0,63.0,,,,,,,,,,,,,,shooting,colliza01,leonaka01,,,,,,,,,,,,,,,,11:14.0 Shooting foul by colliza01 (drawn by leonaka01 ) 61-63
217,free_throw,,,62.0,63.0,1.0,leonaka01,,,,,,makes,1.0,2.0,,,,,,,,,,,,,,,,,,,,,,11:14.0 leonaka01 makes free throw 1 of 2 +1 62-63
218,free_throw,,,63.0,63.0,1.0,leonaka01,,,,,,makes,2.0,2.0,,,,,,,,,,,,,,,,,,,,,,11:14.0 leonaka01 makes free throw 2 of 2 +1 63-63
219,turnover,,,63.0,63.0,,,,,,,,,,,,,,,,,giddejo01,lost ball; steal by leonaka01,leonaka01,,,,,,,,,,,,,11:03.0 63-63 Turnover by giddejo01 (lost ball; steal by leonaka01 )
220,turnover,,,63.0,63.0,,,,,,,,,,,,,,,,,leonaka01,bad pass,,,,,,,,,,,,,,11:01.0 Turnover by leonaka01 (bad pass) 63-63
221,fg_miss,,,63.0,63.0,,buzelma01,3.0,jump shot,23.0,,,,,,,,,,,,,,,,,,,,,,,,,,,10:49.0 63-63 buzelma01 misses 3-pt jump shot from 23 ft
222,rebound,,,63.0,63.0,,,,,,,,,,,defensive,dunnkr01,False,,,,,,,,,,,,,,,,,,,10:46.0 Defensive rebound by dunnkr01 63-63
223,fg_miss,,,63.0,63.0,,leonaka01,2.0,jump shot,9.0,,,,,,,,,,,,,,,,,,,,,,,,,,,10:38.0 leonaka01 misses 2-pt jump shot from 9 ft 63-63
224,rebound,,,63.0,63.0,,,,,,,,,,,defensive,colliza01,False,,,,,,,,,,,,,,,,,,,10:36.0 63-63 Defensive rebound by colliza01
225,turnover,,,63.0,63.0,,,,,,,,,,,,,,,,,whiteco01,lost ball; steal by dunnkr01,dunnkr01,,,,,,,,,,,,,10:18.0 63-63 Turnover by whiteco01 (lost ball; steal by dunnkr01 )
226,fg_make,,,65.0,63.0,2.0,jonesde02,2.0,dunk,4.0,leonaka01,,,,,,,,,,,,,,,,,,,,,,,,,,10:13.0 jonesde02 makes 2-pt dunk from 4 ft (assist by leonaka01 ) +2 65-63
227,turnover,,,65.0,63.0,,,,,,,,,,,,,,,,,colliza01,lost ball; steal by leonaka01,leonaka01,,,,,,,,,,,,,10:02.0 65-63 Turnover by colliza01 (lost ball; steal by leonaka01 )
228,fg_make,,,67.0,63.0,2.0,hardeja01,2.0,layup,6.0,leonaka01,,,,,,,,,,,,,,,,,,,,,,,,,,9:53.0 hardeja01 makes 2-pt layup from 6 ft (assist by leonaka01 ) +2 67-63
229,timeout,,,67.0,63.0,,,,,,,,,,,,,,,,,,,,,,,,,,,,Chicago full,,,,9:51.0 67-63 Chicago full timeout
230,fg_miss,,,67.0,63.0,,buzelma01,2.0,dunk,5.0,,leonaka01,,,,,,,,,,,,,,,,,,,,,,,,,9:33.0 67-63 buzelma01 misses 2-pt dunk from 5 ft (block by leonaka01 )
231,rebound,,,67.0,63.0,,,,,,,,,,,offensive,colliza01,False,,,,,,,,,,,,,,,,,,,9:32.0 67-63 Offensive rebound by colliza01
232,fg_make,,,67.0,66.0,3.0,giddejo01,3.0,jump shot,27.0,colliza01,,,,,,,,,,,,,,,,,,,,,,,,,,9:28.0 67-66 +3 giddejo01 makes 3-pt jump shot from 27 ft (assist by colliza01 )
233,fg_make,,,70.0,66.0,3.0,hardeja01,3.0,jump shot,26.0,leonaka01,,,,,,,,,,,,,,,,,,,,,,,,,,9:08.0 hardeja01 makes 3-pt jump shot from 26 ft (assist by leonaka01 ) +3 70-66
234,fg_make,,,70.0,68.0,2.0,giddejo01,2.0,jump shot,8.0,,,,,,,,,,,,,,,,,,,,,,,,,,,8:57.0 70-68 +2 giddejo01 makes 2-pt jump shot from 8 ft
235,foul,,,70.0,68.0,,,,,,,,,,,,,,shooting,jonesde02,giddejo01,,,,,,,,,,,,,,,,8:57.0 70-68 Shooting foul by jonesde02 (drawn by giddejo01 )
236,free_throw,,,70.0,68.0,,giddejo01,,,,,,misses,1.0,1.0,,,,,,,,,,,,,,,,,,,,,,8:57.0 70-68 giddejo01 misses free throw 1 of 1
237,rebound,,,70.0,68.0,,,,,,,,,,,offensive,buzelma01,False,,,,,,,,,,,,,,,,,,,8:56.0 70-68 Offensive rebound by buzelma01
238,fg_make,,,70.0,70.0,2.0,buzelma01,2.0,layup,3.0,,,,,,,,,,,,,,,,,,,,,,,,,,,8:56.0 70-70 +2 buzelma01 makes 2-pt layup from 3 ft
239,fg_miss,,,70.0,70.0,,dunnkr01,2.0,jump shot,6.0,,,,,,,,,,,,,,,,,,,,,,,,,,,8:40.0 dunnkr01 misses 2-pt jump shot from 6 ft 70-70
240,rebound,,,70.0,70.0,,,,,,,,,,,defensive,balllo01,False,,,,,,,,,,,,,,,,,,,8:38.0 70-70 Defensive rebound by balllo01
241,fg_miss,,,70.0,70.0,,colliza01,2.0,jump shot,24.0,,,,,,,,,,,,,,,,,,,,,,,,,,,8:27.0 70-70 colliza01 misses 2-pt jump shot from 24 ft
242,rebound,,,70.0,70.0,,,,,,,,,,,offensive,colliza01,False,,,,,,,,,,,,,,,,,,,8:24.0 70-70 Offensive rebound by colliza01
243,fg_make,,,70.0,73.0,3.0,balllo01,3.0,jump shot,24.0,colliza01,,,,,,,,,,,,,,,,,,,,,,,,,,8:20.0 70-73 +3 balllo01 makes 3-pt jump shot from 24 ft (assist by colliza01 )
244,fg_make,,,73.0,73.0,3.0,jonesde02,3.0,jump shot,23.0,dunnkr01,,,,,,,,,,,,,,,,,,,,,,,,,,8:03.0 jonesde02 makes 3-pt jump shot from 23 ft (assist by dunnkr01 ) +3 73-73
245,turnover,,,73.0,73.0,,,,,,,,,,,,,,,,,buzelma01,bad pass,,,,,,,,,,,,,,7:53.0 73-73 Turnover by buzelma01 (bad pass)
246,fg_make,,,75.0,73.0,2.0,leonaka01,2.0,jump shot,17.0,,,,,,,,,,,,,,,,,,,,,,,,,,,7:37.0 leonaka01 makes 2-pt jump shot from 17 ft +2 75-73
247,turnover,,,75.0,73.0,,,,,,,,,,,,,,,,,giddejo01,bad pass; steal by jonesde02,jonesde02,,,,,,,,,,,,,7:20.0 75-73 Turnover by giddejo01 (bad pass; steal by jonesde02 )
248,fg_make,,,78.0,73.0,3.0,hardeja01,3.0,jump shot,24.0,,,,,,,,,,,,,,,,,,,,,,,,,,,7:10.0 hardeja01 makes 3-pt jump shot from 24 ft +3 78-73
249,fg_miss,,,78.0,73.0,,balllo01,2.0,jump shot,13.0,,,,,,,,,,,,,,,,,,,,,,,,,,,6:57.0 78-73 balllo01 misses 2-pt jump shot from 13 ft
250,rebound,,,78.0,73.0,,,,,,,,,,,defensive,zubaciv01,False,,,,,,,,,,,,,,,,,,,6:55.0 Defensive rebound by zubaciv01 78-73
251,fg_miss,,,78.0,73.0,,dunnkr01,2.0,jump shot,7.0,,,,,,,,,,,,,,,,,,,,,,,,,,,6:49.0 dunnkr01 misses 2-pt jump shot from 7 ft 78-73
252,rebound,,,78.0,73.0,,,,,,,,,,,defensive,colliza01,False,,,,,,,,,,,,,,,,,,,6:47.0 78-73 Defensive rebound by colliza01
253,fg_make,,,78.0,76.0,3.0,giddejo01,3.0,jump shot,28.0,,,,,,,,,,,,,,,,,,,,,,,,,,,6:41.0 78-76 +3 giddejo01 makes 3-pt jump shot from 28 ft
254,fg_miss,,,78.0,76.0,,jonesde02,3.0,jump shot,23.0,,,,,,,,,,,,,,,,,,,,,,,,,,,6:21.0 jonesde02 misses 3-pt jump shot from 23 ft 78-76
255,rebound,,,78.0,76.0,,,,,,,,,,,defensive,giddejo01,False,,,,,,,,,,,,,,,,,,,6:19.0 78-76 Defensive rebound by giddejo01
256,fg_make,,,78.0,79.0,3.0,balllo01,3.0,jump shot,28.0,giddejo01,,,,,,,,,,,,,,,,,,,,,,,,,,6:12.0 78-79 +3 balllo01 makes 3-pt jump shot from 28 ft (assist by giddejo01 )
257,timeout,,,78.0,79.0,,,,,,,,,,,,,,,,,,,,,,,,,,,,LA Clippers full,,,,6:11.0 LA Clippers full timeout 78-79
258,substitution,,,78.0,79.0,,,,,,,,,,,,,,,,,,,,,,,,,,,,,,,,6:11.0 78-79 terryda01 enters the game for whiteco01
259,fg_make,,,80.0,79.0,2.0,zubaciv01,2.0,hook shot,5.0,,,,,,,,,,,,,,,,,,,,,,,,,,,5:54.0 zubaciv01 makes 2-pt hook shot from 5 ft +2 80-79
260,fg_make,,,80.0,81.0,2.0,balllo01,2.0,layup,8.0,colliza01,,,,,,,,,,,,,,,,,,,,,,,,,,5:42.0 80-81 +2 balllo01 makes 2-pt layup from 8 ft (assist by colliza01 )
261,foul,,,80.0,81.0,,,,,,,,,,,,,,shooting,jonesde02,balllo01,,,,,,,,,,,,,,,,5:42.0 80-81 Shooting foul by jonesde02 (drawn by balllo01 )
262,free_throw,,,80.0,82.0,1.0,balllo01,,,,,,makes,1.0,1.0,,,,,,,,,,,,,,,,,,,,,,5:42.0 80-82 +1 balllo01 makes free throw 1 of 1
263,turnover,,,80.0,82.0,,,,,,,,,,,,,,,,,zubaciv01,lost ball; steal by colliza01,colliza01,,,,,,,,,,,,,5:22.0 Turnover by zubaciv01 (lost ball; steal by colliza01 ) 80-82
264,turnover,,,80.0,82.0,,,,,,,,,,,,,,,,,giddejo01,bad pass; steal by hardeja01,hardeja01,,,,,,,,,,,,,5:15.0 80-82 Turnover by giddejo01 (bad pass; steal by hardeja01 )
265,foul,,,80.0,82.0,,,,,,,,,,,,,,shooting,buzelma01,hardeja01,,,,,,,,,,,,,,,,5:04.0 Shooting foul by buzelma01 (drawn by hardeja01 ) 80-82
266,free_throw,,,81.0,82.0,1.0,hardeja01,,,,,,makes,1.0,3.0,,,,,,,,,,,,,,,,,,,,,,5:04.0 hardeja01 makes free throw 1 of 3 +1 81-82
267,free_throw,,,82.0,82.0,1.0,hardeja01,,,,,,makes,2.0,3.0,,,,,,,,,,,,,,,,,,,,,,5:04.0 hardeja01 makes free throw 2 of 3 +1 82-82
268,substitution,,,82.0,82.0,,,,,,,,,,,,,,,,,,,,,,,,,,,,,,,,5:04.0 coffeam01 enters the game for jonesde02 82-82
269,substitution,,,82.0,82.0,,,,,,,,,,,,,,,,,,,,,,,,,,,,,,,,5:04.0 82-82 huertke01 enters the game for balllo01
270,substitution,,,82.0,82.0,,,,,,,,,,,,,,,,,,,,,,,,,,,,,,,,5:04.0 82-82 phillju01 enters the game for buzelma01
271,free_throw,,,83.0,82.0,1.0,hardeja01,,,,,,makes,3.0,3.0,,,,,,,,,,,,,,,,,,,,,,5:04.0 hardeja01 makes free throw 3 of 3 +1 83-82
272,fg_miss,,,83.0,82.0,,huertke01,2.0,jump shot,11.0,,,,,,,,,,,,,,,,,,,,,,,,,,,4:55.0 83-82 huertke01 misses 2-pt jump shot from 11 ft
273,rebound,,,83.0,82.0,,,,,,,,,,,offensive,,True,,,,,,,,,,,,,,,,,,,4:53.0 83-82 Offensive rebound by Team
274,foul,,,83.0,82.0,,,,,,,,,,,,,,loose ball,zubaciv01,colliza01,,,,,,,,,,,,,,,,4:53.0 Loose ball foul by zubaciv01 (drawn by colliza01 ) 83-82
275,fg_make,,,83.0,85.0,3.0,giddejo01,3.0,jump shot,29.0,terryda01,,,,,,,,,,,,,,,,,,,,,,,,,,4:39.0 83-85 +3 giddejo01 makes 3-pt jump shot from 29 ft (assist by terryda01 )
276,fg_miss,,,83.0,85.0,,hardeja01,2.0,jump shot,19.0,,,,,,,,,,,,,,,,,,,,,,,,,,,4:20.0 hardeja01 misses 2-pt jump shot from 19 ft 83-85
277,rebound,,,83.0,85.0,,,,,,,,,,,offensive,zubaciv01,False,,,,,,,,,,,,,,,,,,,4:18.0 Offensive rebound by zubaciv01 83-85
278,fg_miss,,,83.0,85.0,,hardeja01,2.0,jump shot,10.0,,,,,,,,,,,,,,,,,,,,,,,,,,,4:12.0 hardeja01 misses 2-pt jump shot from 10 ft 83-85
279,rebound,,,83.0,85.0,,,,,,,,,,,defensive,phillju01,False,,,,,,,,,,,,,,,,,,,4:09.0 83-85 Defensive rebound by phillju01
280,foul,,,83.0,85.0,,,,,,,,,,,,,,offensive,colliza01,dunnkr01,,,,,,,,,,,,,,,,3:58.0 83-85 Offensive foul by colliza01 (drawn by dunnkr01 )
281,turnover,,,83.0,85.0,,,,,,,,,,,,,,,,,colliza01,offensive foul,,,,,,,,,,,,,,3:58.0 83-85 Turnover by colliza01 (offensive foul)
282,substitution,,,83.0,85.0,,,,,,,,,,,,,,,,,,,,,,,,,,,,,,,,3:58.0 bogdabo01 enters the game for leonaka01 83-85
283,substitution,,,83.0,85.0,,,,,,,,,,,,,,,,,,,,,,,,,,,,,,,,3:58.0 simmobe01 enters the game for zubaciv01 83-85
284,fg_make,,,86.0,85.0,3.0,hardeja01,3.0,jump shot,23.0,bogdabo01,,,,,,,,,,,,,,,,,,,,,,,,,,3:37.0 hardeja01 makes 3-pt jump shot from 23 ft (assist by bogdabo01 ) +3 86-85
285,substitution,,,86.0,85.0,,,,,,,,,,,,,,,,,,,,,,,,,,,,,,,,3:37.0 batumni01 enters the game for dunnkr01 86-85
286,substitution,,,86.0,85.0,,,,,,,,,,,,,,,,,,,,,,,,,,,,,,,,3:37.0 86-85 whiteco01 enters the game for terryda01
287,turnover,,,86.0,85.0,,,,,,,,,,,,,,,,,giddejo01,out of bounds lost ball,,,,,,,,,,,,,,3:20.0 86-85 Turnover by giddejo01 (out of bounds lost ball)
288,fg_make,,,89.0,85.0,3.0,hardeja01,3.0,jump shot,27.0,simmobe01,,,,,,,,,,,,,,,,,,,,,,,,,,3:13.0 hardeja01 makes 3-pt jump shot from 27 ft (assist by simmobe01 ) +3 89-85
289,foul,,,89.0,85.0,,,,,,,,,,,,,,personal,batumni01,colliza01,,,,,,,,,,,,,,,,3:01.0 89-85 Personal foul by batumni01 (drawn by colliza01 )
290,substitution,,,89.0,85.0,,,,,,,,,,,,,,,,,,,,,,,,,,,,,,,,3:01.0 89-85 buzelma01 enters the game for colliza01
291,substitution,,,89.0,85.0,,,,,,,,,,,,,,,,,,,,,,,,,,,,,,,,3:01.0 89-85 terryda01 enters the game for giddejo01
292,fg_make,,,89.0,87.0,2.0,whiteco01,2.0,layup,8.0,,,,,,,,,,,,,,,,,,,,,,,,,,,2:44.0 89-87 +2 whiteco01 makes 2-pt layup from 8 ft
293,fg_make,,,92.0,87.0,3.0,bogdabo01,3.0,jump shot,26.0,hardeja01,,,,,,,,,,,,,,,,,,,,,,,,,,2:32.0 bogdabo01 makes 3-pt jump shot from 26 ft (assist by hardeja01 ) +3 92-87
294,fg_miss,,,92.0,87.0,,whiteco01,3.0,jump shot,29.0,,,,,,,,,,,,,,,,,,,,,,,,,,,2:16.0 92-87 whiteco01 misses 3-pt jump shot from 29 ft
295,rebound,,,92.0,87.0,,,,,,,,,,,defensive,batumni01,False,,,,,,,,,,,,,,,,,,,2:13.0 Defensive rebound by batumni01 92-87
296,fg_make,,,95.0,87.0,3.0,hardeja01,3.0,jump shot,29.0,bogdabo01,,,,,,,,,,,,,,,,,,,,,,,,,,2:05.0 hardeja01 makes 3-pt jump shot from 29 ft (assist by bogdabo01 ) +3 95-87
297,fg_miss,,,95.0,87.0,,phillju01,2.0,dunk,3.0,,,,,,,,,,,,,,,,,,,,,,,,,,,1:48.0 95-87 phillju01 misses 2-pt dunk from 3 ft
298,rebound,,,95.0,87.0,,,,,,,,,,,defensive,hardeja01,False,,,,,,,,,,,,,,,,,,,1:47.0 Defensive rebound by hardeja01 95-87
299,turnover,,,95.0,87.0,,,,,,,,,,,,,,,,,bogdabo01,lost ball; steal by whiteco01,whiteco01,,,,,,,,,,,,,1:41.0 Turnover by bogdabo01 (lost ball; steal by whiteco01 ) 95-87
300,fg_miss,,,95.0,87.0,,phillju01,3.0,jump shot,24.0,,batumni01,,,,,,,,,,,,,,,,,,,,,,,,,1:21.0 95-87 phillju01 misses 3-pt jump shot from 24 ft (block by batumni01 )
301,rebound,,,95.0,87.0,,,,,,,,,,,defensive,simmobe01,False,,,,,,,,,,,,,,,,,,,1:19.0 Defensive rebound by simmobe01 95-87
302,foul,,,95.0,87.0,,,,,,,,,,,,,,offensive,bogdabo01,whiteco01,,,,,,,,,,,,,,,,1:13.0 Offensive foul by bogdabo01 (drawn by whiteco01 ) 95-87
303,turnover,,,95.0,87.0,,,,,,,,,,,,,,,,,bogdabo01,offensive foul,,,,,,,,,,,,,,1:13.0 Turnover by bogdabo01 (offensive foul) 95-87
304,turnover,,,95.0,87.0,,,,,,,,,,,,,,,,,phillju01,step out of bounds,,,,,,,,,,,,,,0:58.0 95-87 Turnover by phillju01 (step out of bounds)
305,fg_make,,,98.0,87.0,3.0,bogdabo01,3.0,jump shot,22.0,hardeja01,,,,,,,,,,,,,,,,,,,,,,,,,,0:43.0 bogdabo01 makes 3-pt jump shot from 22 ft (assist by hardeja01 ) +3 98-87
306,fg_make,,,98.0,90.0,3.0,whiteco01,3.0,jump shot,27.0,,,,,,,,,,,,,,,,,,,,,,,,,,,0:37.0 98-90 +3 whiteco01 makes 3-pt jump shot from 27 ft
307,fg_miss,,,98.0,90.0,,hardeja01,3.0,jump shot,23.0,,,,,,,,,,,,,,,,,,,,,,,,,,,0:28.0 hardeja01 misses 3-pt jump shot from 23 ft 98-90
308,rebound,,,98.0,90.0,,,,,,,,,,,defensive,huertke01,False,,,,,,,,,,,,,,,,,,,0:26.0 98-90 Defensive rebound by huertke01
309,fg_make,,,98.0,93.0,3.0,terryda01,3.0,jump shot,26.0,huertke01,,,,,,,,,,,,,,,,,,,,,,,,,,0:19.0 98-93 +3 terryda01 makes 3-pt jump shot from 26 ft (assist by huertke01 )
310,fg_miss,,,98.0,93.0,,hardeja01,3.0,jump shot,29.0,,,,,,,,,,,,,,,,,,,,,,,,,,,0:02.0 hardeja01 misses 3-pt jump shot from 29 ft 98-93
311,rebound,,,98.0,93.0,,,,,,,,,,,offensive,coffeam01,False,,,,,,,,,,,,,,,,,,,0:00.0 Offensive rebound by coffeam01 98-93
312,period_end,,,,,,,,,,,,,,,,,,,,,,,,,,,,,,,,,quarter,3.0,,0:00.0 End of 3rd quarter
313,period_start,,,,,,,,,,,,,,,,,,,,,,,,,,,,,,,,,quarter,4.0,,12:00.0 Start of 4th quarter
314,turnover,,,98.0,93.0,,,,,,,,,,,,,,,,,huertke01,bad pass,,,,,,,,,,,,,,11:43.0 98-93 Turnover by huertke01 (bad pass)
315,turnover,,,98.0,93.0,,,,,,,,,,,,,,,,,simmobe01,bad pass,,,,,,,,,,,,,,11:29.0 Turnover by simmobe01 (bad pass) 98-93
316,turnover,,,98.0,93.0,,,,,,,,,,,,,,,,,whiteco01,bad pass; steal by simmobe01,simmobe01,,,,,,,,,,,,,11:21.0 98-93 Turnover by whiteco01 (bad pass; steal by simmobe01 )
317,fg_make,,,100.0,93.0,2.0,coffeam01,2.0,layup,4.0,batumni01,,,,,,,,,,,,,,,,,,,,,,,,,,11:14.0 coffeam01 makes 2-pt layup from 4 ft (assist by batumni01 ) +2 100-93
318,timeout,,,100.0,93.0,,,,,,,,,,,,,,,,,,,,,,,,,,,,Chicago full,,,,11:12.0 100-93 Chicago full timeout
319,substitution,,,100.0,93.0,,,,,,,,,,,,,,,,,,,,,,,,,,,,,,,,11:12.0 100-93 colliza01 enters the game for phillju01
320,fg_miss,,,100.0,93.0,,colliza01,2.0,layup,6.0,,,,,,,,,,,,,,,,,,,,,,,,,,,10:50.0 100-93 colliza01 misses 2-pt layup from 6 ft
321,rebound,,,100.0,93.0,,,,,,,,,,,offensive,colliza01,False,,,,,,,,,,,,,,,,,,,10:49.0 100-93 Offensive rebound by colliza01
322,fg_miss,,,100.0,93.0,,whiteco01,3.0,jump shot,27.0,,,,,,,,,,,,,,,,,,,,,,,,,,,10:45.0 100-93 whiteco01 misses 3-pt jump shot from 27 ft
323,rebound,,,100.0,93.0,,,,,,,,,,,offensive,colliza01,False,,,,,,,,,,,,,,,,,,,10:42.0 100-93 Offensive rebound by colliza01
324,fg_miss,,,100.0,93.0,,huertke01,3.0,jump shot,28.0,,,,,,,,,,,,,,,,,,,,,,,,,,,10:29.0 100-93 huertke01 misses 3-pt jump shot from 28 ft
325,rebound,,,100.0,93.0,,,,,,,,,,,offensive,,True,,,,,,,,,,,,,,,,,,,10:27.0 100-93 Offensive rebound by Team
326,unknown,,,100.0,93.0,,,,,,,,,,,,,,,,,,,,,,,,,,,,,,,Turnover by Team (shot clock),10:27.0 100-93 Turnover by Team (shot clock)
327,fg_make,,,102.0,93.0,2.0,simmobe01,2.0,hook shot,10.0,bogdabo01,,,,,,,,,,,,,,,,,,,,,,,,,,10:07.0 simmobe01 makes 2-pt hook shot from 10 ft (assist by bogdabo01 ) +2 102-93
328,fg_miss,,,102.0,93.0,,colliza01,3.0,jump shot,26.0,,,,,,,,,,,,,,,,,,,,,,,,,,,9:59.0 102-93 colliza01 misses 3-pt jump shot from 26 ft
329,rebound,,,102.0,93.0,,,,,,,,,,,defensive,leonaka01,False,,,,,,,,,,,,,,,,,,,9:57.0 Defensive rebound by leonaka01 102-93
330,fg_miss,,,102.0,93.0,,batumni01,3.0,jump shot,23.0,,,,,,,,,,,,,,,,,,,,,,,,,,,9:50.0 batumni01 misses 3-pt jump shot from 23 ft 102-93
331,rebound,,,102.0,93.0,,,,,,,,,,,defensive,jonestr01,False,,,,,,,,,,,,,,,,,,,9:48.0 102-93 Defensive rebound by jonestr01
332,violation,,,102.0,93.0,,,,,,,,,,,,,,,,,,,,Violation,Team,kicked ball,,,,,,,,,,9:43.0 Violation by Team (kicked ball) 102-93
333,substitution,,,102.0,93.0,,,,,,,,,,,,,,,,,,,,,,,,,,,,,,,,9:43.0 102-93 giddejo01 enters the game for buzelma01
334,fg_make,,,102.0,96.0,3.0,jonestr01,3.0,jump shot,23.0,giddejo01,,,,,,,,,,,,,,,,,,,,,,,,,,9:35.0 102-96 +3 jonestr01 makes 3-pt jump shot from 23 ft (assist by giddejo01 )
335,fg_make,,,104.0,96.0,2.0,coffeam01,2.0,layup,2.0,simmobe01,,,,,,,,,,,,,,,,,,,,,,,,,,9:14.0 coffeam01 makes 2-pt layup from 2 ft (assist by simmobe01 ) +2 104-96
336,fg_miss,,,104.0,96.0,,huertke01,2.0,layup,7.0,,simmobe01,,,,,,,,,,,,,,,,,,,,,,,,,9:04.0 104-96 huertke01 misses 2-pt layup from 7 ft (block by simmobe01 )
337,rebound,,,104.0,96.0,,,,,,,,,,,defensive,batumni01,False,,,,,,,,,,,,,,,,,,,9:02.0 Defensive rebound by batumni01 104-96
338,fg_make,,,107.0,96.0,3.0,bogdabo01,3.0,jump shot,26.0,simmobe01,,,,,,,,,,,,,,,,,,,,,,,,,,8:51.0 bogdabo01 makes 3-pt jump shot from 26 ft (assist by simmobe01 ) +3 107-96
339,foul,,,107.0,96.0,,,,,,,,,,,,,,shooting,simmobe01,colliza01,,,,,,,,,,,,,,,,8:34.0 107-96 Shooting foul by simmobe01 (drawn by colliza01 )
340,free_throw,,,107.0,97.0,1.0,colliza01,,,,,,makes,1.0,2.0,,,,,,,,,,,,,,,,,,,,,,8:34.0 107-97 +1 colliza01 makes free throw 1 of 2
341,free_throw,,,107.0,97.0,,colliza01,,,,,,misses,2.0,2.0,,,,,,,,,,,,,,,,,,,,,,8:34.0 107-97 colliza01 misses free throw 2 of 2
342,rebound,,,107.0,97.0,,,,,,,,,,,defensive,simmobe01,False,,,,,,,,,,,,,,,,,,,8:33.0 Defensive rebound by simmobe01 107-97
343,fg_miss,,,107.0,97.0,,leonaka01,2.0,jump shot,17.0,,,,,,,,,,,,,,,,,,,,,,,,,,,8:17.0 leonaka01 misses 2-pt jump shot from 17 ft 107-97
344,rebound,,,107.0,97.0,,,,,,,,,,,defensive,colliza01,False,,,,,,,,,,,,,,,,,,,8:15.0 107-97 Defensive rebound by colliza01
345,fg_make,,,107.0,100.0,3.0,giddejo01,3.0,jump shot,27.0,whiteco01,,,,,,,,,,,,,,,,,,,,,,,,,,8:04.0 107-100 +3 giddejo01 makes 3-pt jump shot from 27 ft (assist by whiteco01 )
346,fg_miss,,,107.0,100.0,,leonaka01,2.0,jump shot,13.0,,,,,,,,,,,,,,,,,,,,,,,,,,,7:46.0 leonaka01 misses 2-pt jump shot from 13 ft 107-100
347,rebound,,,107.0,100.0,,,,,,,,,,,offensive,simmobe01,False,,,,,,,,,,,,,,,,,,,7:44.0 Offensive rebound by simmobe01 107-100
348,fg_miss,,,107.0,100.0,,coffeam01,3.0,jump shot,27.0,,,,,,,,,,,,,,,,,,,,,,,,,,,7:36.0 coffeam01 misses 3-pt jump shot from 27 ft 107-100
349,rebound,,,107.0,100.0,,,,,,,,,,,defensive,,True,,,,,,,,,,,,,,,,,,,7:32.0 107-100 Defensive rebound by Team
350,fg_miss,,,107.0,100.0,,whiteco01,3.0,jump shot,33.0,,,,,,,,,,,,,,,,,,,,,,,,,,,7:26.0 107-100 whiteco01 misses 3-pt jump shot from 33 ft
351,rebound,,,107.0,100.0,,,,,,,,,,,defensive,leonaka01,False,,,,,,,,,,,,,,,,,,,7:22.0 Defensive rebound by leonaka01 107-100
352,fg_miss,,,107.0,100.0,,simmobe01,2.0,layup,9.0,,,,,,,,,,,,,,,,,,,,,,,,,,,7:15.0 simmobe01 misses 2-pt layup from 9 ft 107-100
353,rebound,,,107.0,100.0,,,,,,,,,,,offensive,simmobe01,False,,,,,,,,,,,,,,,,,,,7:14.0 Offensive rebound by simmobe01 107-100
354,fg_miss,,,107.0,100.0,,simmobe01,2.0,layup,3.0,,,,,,,,,,,,,,,,,,,,,,,,,,,7:14.0 simmobe01 misses 2-pt layup from 3 ft 107-100
355,rebound,,,107.0,100.0,,,,,,,,,,,offensive,simmobe01,False,,,,,,,,,,,,,,,,,,,7:13.0 Offensive rebound by simmobe01 107-100
356,fg_miss,,,107.0,100.0,,simmobe01,2.0,layup,3.0,,,,,,,,,,,,,,,,,,,,,,,,,,,7:12.0 simmobe01 misses 2-pt layup from 3 ft 107-100
357,rebound,,,107.0,100.0,,,,,,,,,,,offensive,simmobe01,False,,,,,,,,,,,,,,,,,,,7:11.0 Offensive rebound by simmobe01 107-100
358,fg_miss,,,107.0,100.0,,simmobe01,2.0,layup,3.0,,,,,,,,,,,,,,,,,,,,,,,,,,,7:11.0 simmobe01 misses 2-pt layup from 3 ft 107-100
359,rebound,,,107.0,100.0,,,,,,,,,,,offensive,,True,,,,,,,,,,,,,,,,,,,7:09.0 Offensive rebound by Team 107-100
360,substitution,,,107.0,100.0,,,,,,,,,,,,,,,,,,,,,,,,,,,,,,,,7:09.0 107-100 balllo01 enters the game for whiteco01
361,turnover,,,107.0,100.0,,,,,,,,,,,,,,,,,leonaka01,lost ball; steal by balllo01,balllo01,,,,,,,,,,,,,7:03.0 Turnover by leonaka01 (lost ball; steal by balllo01 ) 107-100
362,fg_make,,,107.0,102.0,2.0,colliza01,2.0,dunk,7.0,jonestr01,,,,,,,,,,,,,,,,,,,,,,,,,,6:56.0 107-102 +2 colliza01 makes 2-pt dunk from 7 ft (assist by jonestr01 )
363,timeout,,,107.0,102.0,,,,,,,,,,,,,,,,,,,,,,,,,,,,LA Clippers full,,,,6:55.0 LA Clippers full timeout 107-102
364,substitution,,,107.0,102.0,,,,,,,,,,,,,,,,,,,,,,,,,,,,,,,,6:55.0 hardeja01 enters the game for batumni01 107-102
365,fg_make,,,110.0,102.0,3.0,leonaka01,3.0,jump shot,29.0,,,,,,,,,,,,,,,,,,,,,,,,,,,6:32.0 leonaka01 makes 3-pt jump shot from 29 ft +3 110-102
366,fg_miss,,,110.0,102.0,,giddejo01,2.0,jump shot,6.0,,,,,,,,,,,,,,,,,,,,,,,,,,,6:22.0 110-102 giddejo01 misses 2-pt jump shot from 6 ft
367,rebound,,,110.0,102.0,,,,,,,,,,,offensive,giddejo01,False,,,,,,,,,,,,,,,,,,,6:21.0 110-102 Offensive rebound by giddejo01
368,fg_miss,,,110.0,102.0,,giddejo01,2.0,layup,3.0,,,,,,,,,,,,,,,,,,,,,,,,,,,6:20.0 110-102 giddejo01 misses 2-pt layup from 3 ft
369,rebound,,,110.0,102.0,,,,,,,,,,,offensive,,True,,,,,,,,,,,,,,,,,,,6:18.0 110-102 Offensive rebound by Team
370,substitution,,,110.0,102.0,,,,,,,,,,,,,,,,,,,,,,,,,,,,,,,,6:18.0 zubaciv01 enters the game for simmobe01 110-102
371,fg_miss,,,110.0,102.0,,balllo01,3.0,jump shot,30.0,,,,,,,,,,,,,,,,,,,,,,,,,,,6:13.0 110-102 balllo01 misses 3-pt jump shot from 30 ft
372,rebound,,,110.0,102.0,,,,,,,,,,,offensive,giddejo01,False,,,,,,,,,,,,,,,,,,,6:10.0 110-102 Offensive rebound by giddejo01
373,fg_miss,,,110.0,102.0,,huertke01,3.0,jump shot,29.0,,,,,,,,,,,,,,,,,,,,,,,,,,,6:08.0 110-102 huertke01 misses 3-pt jump shot from 29 ft
374,rebound,,,110.0,102.0,,,,,,,,,,,offensive,balllo01,False,,,,,,,,,,,,,,,,,,,6:05.0 110-102 Offensive rebound by balllo01
375,fg_make,,,110.0,105.0,3.0,huertke01,3.0,jump shot,23.0,jonestr01,,,,,,,,,,,,,,,,,,,,,,,,,,5:57.0 110-105 +3 huertke01 makes 3-pt jump shot from 23 ft (assist by jonestr01 )
376,fg_miss,,,110.0,105.0,,leonaka01,2.0,jump shot,12.0,,,,,,,,,,,,,,,,,,,,,,,,,,,5:32.0 leonaka01 misses 2-pt jump shot from 12 ft 110-105
377,rebound,,,110.0,105.0,,,,,,,,,,,defensive,giddejo01,False,,,,,,,,,,,,,,,,,,,5:30.0 110-105 Defensive rebound by giddejo01
378,fg_miss,,,110.0,105.0,,giddejo01,2.0,jump shot,17.0,,zubaciv01,,,,,,,,,,,,,,,,,,,,,,,,,5:21.0 110-105 giddejo01 misses 2-pt jump shot from 17 ft (block by zubaciv01 )
379,rebound,,,110.0,105.0,,,,,,,,,,,offensive,balllo01,False,,,,,,,,,,,,,,,,,,,5:18.0 110-105 Offensive rebound by balllo01
380,fg_make,,,110.0,108.0,3.0,jonestr01,3.0,jump shot,24.0,balllo01,,,,,,,,,,,,,,,,,,,,,,,,,,5:14.0 110-108 +3 jonestr01 makes 3-pt jump shot from 24 ft (assist by balllo01 )
381,fg_miss,,,110.0,108.0,,hardeja01,3.0,jump shot,27.0,,,,,,,,,,,,,,,,,,,,,,,,,,,5:00.0 hardeja01 misses 3-pt jump shot from 27 ft 110-108
382,rebound,,,110.0,108.0,,,,,,,,,,,defensive,,True,,,,,,,,,,,,,,,,,,,4:58.0 110-108 Defensive rebound by Team
383,fg_miss,,,110.0,108.0,,huertke01,2.0,layup,2.0,,bogdabo01,,,,,,,,,,,,,,,,,,,,,,,,,4:48.0 110-108 huertke01 misses 2-pt layup from 2 ft (block by bogdabo01 )
384,rebound,,,110.0,108.0,,,,,,,,,,,defensive,zubaciv01,False,,,,,,,,,,,,,,,,,,,4:47.0 Defensive rebound by zubaciv01 110-108
385,fg_make,,,112.0,108.0,2.0,coffeam01,2.0,jump shot,15.0,,,,,,,,,,,,,,,,,,,,,,,,,,,4:23.0 coffeam01 makes 2-pt jump shot from 15 ft +2 112-108
386,fg_make,,,112.0,110.0,2.0,huertke01,2.0,layup,6.0,giddejo01,,,,,,,,,,,,,,,,,,,,,,,,,,4:15.0 112-110 +2 huertke01 makes 2-pt layup from 6 ft (assist by giddejo01 )
387,fg_miss,,,112.0,110.0,,coffeam01,3.0,jump shot,23.0,,,,,,,,,,,,,,,,,,,,,,,,,,,3:52.0 coffeam01 misses 3-pt jump shot from 23 ft 112-110
388,rebound,,,112.0,110.0,,,,,,,,,,,offensive,leonaka01,False,,,,,,,,,,,,,,,,,,,3:48.0 Offensive rebound by leonaka01 112-110
389,fg_miss,,,112.0,110.0,,hardeja01,2.0,jump shot,7.0,,balllo01,,,,,,,,,,,,,,,,,,,,,,,,,3:38.0 hardeja01 misses 2-pt jump shot from 7 ft (block by balllo01 ) 112-110
390,rebound,,,112.0,110.0,,,,,,,,,,,offensive,leonaka01,False,,,,,,,,,,,,,,,,,,,3:36.0 Offensive rebound by leonaka01 112-110
391,fg_miss,,,112.0,110.0,,leonaka01,2.0,jump shot,17.0,,,,,,,,,,,,,,,,,,,,,,,,,,,3:36.0 leonaka01 misses 2-pt jump shot from 17 ft 112-110
392,rebound,,,112.0,110.0,,,,,,,,,,,offensive,hardeja01,False,,,,,,,,,,,,,,,,,,,3:34.0 Offensive rebound by hardeja01 112-110
393,fg_make,,,115.0,110.0,3.0,bogdabo01,3.0,jump shot,25.0,,,,,,,,,,,,,,,,,,,,,,,,,,,3:26.0 bogdabo01 makes 3-pt jump shot from 25 ft +3 115-110
394,timeout,,,115.0,110.0,,,,,,,,,,,,,,,,,,,,,,,,,,,,Chicago full,,,,3:25.0 115-110 Chicago full timeout
395,substitution,,,115.0,110.0,,,,,,,,,,,,,,,,,,,,,,,,,,,,,,,,3:25.0 dunnkr01 enters the game for leonaka01 115-110
396,substitution,,,115.0,110.0,,,,,,,,,,,,,,,,,,,,,,,,,,,,,,,,3:25.0 115-110 whiteco01 enters the game for huertke01
397,fg_miss,,,115.0,110.0,,jonestr01,2.0,layup,7.0,,zubaciv01,,,,,,,,,,,,,,,,,,,,,,,,,3:17.0 115-110 jonestr01 misses 2-pt layup from 7 ft (block by zubaciv01 )
398,rebound,,,115.0,110.0,,,,,,,,,,,defensive,dunnkr01,False,,,,,,,,,,,,,,,,,,,3:16.0 Defensive rebound by dunnkr01 115-110
399,fg_miss,,,115.0,110.0,,hardeja01,3.0,jump shot,27.0,,,,,,,,,,,,,,,,,,,,,,,,,,,2:56.0 hardeja01 misses 3-pt jump shot from 27 ft 115-110
400,rebound,,,115.0,110.0,,,,,,,,,,,defensive,balllo01,False,,,,,,,,,,,,,,,,,,,2:54.0 115-110 Defensive rebound by balllo01
401,fg_make,,,115.0,112.0,2.0,colliza01,2.0,layup,3.0,giddejo01,,,,,,,,,,,,,,,,,,,,,,,,,,2:39.0 115-112 +2 colliza01 makes 2-pt layup from 3 ft (assist by giddejo01 )
402,fg_make,,,117.0,112.0,2.0,hardeja01,2.0,jump shot,10.0,coffeam01,,,,,,,,,,,,,,,,,,,,,,,,,,2:15.0 hardeja01 makes 2-pt jump shot from 10 ft (assist by coffeam01 ) +2 117-112
403,turnover,,,117.0,112.0,,,,,,,,,,,,,,,,,giddejo01,lost ball; steal by coffeam01,coffeam01,,,,,,,,,,,,,1:58.0 117-112 Turnover by giddejo01 (lost ball; steal by coffeam01 )
404,foul,,,117.0,112.0,,,,,,,,,,,,,,offensive,bogdabo01,jonestr01,,,,,,,,,,,,,,,,1:53.0 Offensive foul by bogdabo01 (drawn by jonestr01 ) 117-112
405,turnover,,,117.0,112.0,,,,,,,,,,,,,,,,,bogdabo01,offensive foul,,,,,,,,,,,,,,1:53.0 Turnover by bogdabo01 (offensive foul) 117-112
406,substitution,,,117.0,112.0,,,,,,,,,,,,,,,,,,,,,,,,,,,,,,,,1:53.0 117-112 huertke01 enters the game for jonestr01
407,timeout,,,117.0,112.0,,,,,,,,,,,,,,,,,,,,,,,,,,,,LA Clippers full,,,,1:53.0 LA Clippers full timeout 117-112
408,substitution,,,117.0,112.0,,,,,,,,,,,,,,,,,,,,,,,,,,,,,,,,1:53.0 117-112 jonestr01 enters the game for huertke01
409,instant_replay,,,117.0,112.0,,,,,,,,,,,,,,,,,,,,,,,,,,,,,,,,1:53.0 Instant Replay (Challenge: Ruling Stands) 117-112
410,substitution,,,117.0,112.0,,,,,,,,,,,,,,,,,,,,,,,,,,,,,,,,1:53.0 117-112 huertke01 enters the game for jonestr01
411,turnover,,,117.0,112.0,,,,,,,,,,,,,,,,,colliza01,traveling,,,,,,,,,,,,,,1:43.0 117-112 Turnover by colliza01 (traveling)
412,foul,,,117.0,112.0,,,,,,,,,,,,,,offensive,hardeja01,whiteco01,,,,,,,,,,,,,,,,1:21.0 Offensive foul by hardeja01 (drawn by whiteco01 ) 117-112
413,turnover,,,117.0,112.0,,,,,,,,,,,,,,,,,hardeja01,offensive foul,,,,,,,,,,,,,,1:21.0 Turnover by hardeja01 (offensive foul) 117-112
414,fg_make,,,117.0,114.0,2.0,whiteco01,2.0,layup,2.0,colliza01,,,,,,,,,,,,,,,,,,,,,,,,,,1:03.0 117-114 +2 whiteco01 makes 2-pt layup from 2 ft (assist by colliza01 )
415,fg_miss,,,117.0,114.0,,bogdabo01,2.0,jump shot,11.0,,,,,,,,,,,,,,,,,,,,,,,,,,,0:47.0 bogdabo01 misses 2-pt jump shot from 11 ft 117-114
416,rebound,,,117.0,114.0,,,,,,,,,,,defensive,colliza01,False,,,,,,,,,,,,,,,,,,,0:45.0 117-114 Defensive rebound by colliza01
417,fg_miss,,,117.0,114.0,,whiteco01,3.0,jump shot,27.0,,,,,,,,,,,,,,,,,,,,,,,,,,,0:38.0 117-114 whiteco01 misses 3-pt jump shot from 27 ft
418,rebound,,,117.0,114.0,,,,,,,,,,,defensive,dunnkr01,False,,,,,,,,,,,,,,,,,,,0:35.0 Defensive rebound by dunnkr01 117-114
419,fg_make,,,120.0,114.0,3.0,hardeja01,3.0,jump shot,26.0,,,,,,,,,,,,,,,,,,,,,,,,,,,0:14.0 hardeja01 makes 3-pt jump shot from 26 ft +3 120-114
420,timeout,,,120.0,114.0,,,,,,,,,,,,,,,,,,,,,,,,,,,,Chicago full,,,,0:14.0 120-114 Chicago full timeout
421,substitution,,,120.0,114.0,,,,,,,,,,,,,,,,,,,,,,,,,,,,,,,,0:14.0 jonesde02 enters the game for bogdabo01 120-114
422,substitution,,,120.0,114.0,,,,,,,,,,,,,,,,,,,,,,,,,,,,,,,,0:14.0 simmobe01 enters the game for zubaciv01 120-114
423,foul,,,120.0,114.0,,,,,,,,,,,,,,personal,simmobe01,giddejo01,,,,,,,,,,,,,,,,0:12.0 120-114 Personal foul by simmobe01 (drawn by giddejo01 )
424,fg_miss,,,120.0,114.0,,huertke01,3.0,jump shot,27.0,,,,,,,,,,,,,,,,,,,,,,,,,,,0:11.0 120-114 huertke01 misses 3-pt jump shot from 27 ft
425,rebound,,,120.0,114.0,,,,,,,,,,,defensive,coffeam01,False,,,,,,,,,,,,,,,,,,,0:08.0 Defensive rebound by coffeam01 120-114
426,unknown,,,120.0,114.0,,,,,,,,,,,,,,,,,,,,,,,,,,,,,,,Personal take foul by whiteco01 (drawn by coffeam01 ),0:07.0 Personal take foul by whiteco01 (drawn by coffeam01 ) 120-114
427,unknown,,,120.0,114.0,,,,,,,,,,,,,,,,,,,,,,,,,,,,,,,Personal take foul by whiteco01 (drawn by hardeja01 ),0:06.0 Personal take foul by whiteco01 (drawn by hardeja01 ) 120-114
428,free_throw,,,121.0,114.0,1.0,hardeja01,,,,,,makes,1.0,2.0,,,,,,,,,,,,,,,,,,,,,,0:06.0 hardeja01 makes free throw 1 of 2 +1 121-114
429,free_throw,,,122.0,114.0,1.0,hardeja01,,,,,,makes,2.0,2.0,,,,,,,,,,,,,,,,,,,,,,0:06.0 hardeja01 makes free throw 2 of 2 +1 122-114
430,timeout,,,122.0,114.0,,,,,,,,,,,,,,,,,,,,,,,,,,,,Chicago full,,,,0:06.0 122-114 Chicago full timeout
431,fg_make,,,122.0,117.0,3.0,whiteco01,3.0,jump shot,32.0,,,,,,,,,,,,,,,,,,,,,,,,,,,0:01.0 122-117 +3 whiteco01 makes 3-pt jump shot from 32 ft
432,period_end,,,,,,,,,,,,,,,,,,,,,,,,,,,,,,,,,quarter,4.0,,0:00.0 End of 4th quarter
