source_row_index,event_type,score_before_home,score_before_away,score_after_home,score_after_away,score_change,shooter_pid,shot_value,shot_action,shot_distance_ft,assisted_by_pid,block_by_pid,ft_result,ft_seq_num,ft_seq_total,rebound_type,rebounder_pid,team_rebound_flag,foul_type,fouler_pid,drawn_by_pid,turnover_committer_pid,turnover_detail,steal_by_pid,violation_label,violation_by,violation_detail,jumper1_pid,jumper2_pid,possession_winner_pid,player_in_pid,player_out_pid,timeout_team,period_kind,period_ordinal,unparsed,raw_text,clock
1,jump_ball,,,,,,,,,,,,,,,,,,,,,,,,,,,,,,,,,,,,12:00.0 Jump ball: lopezbr01 vs. allenja01 ( mobleev01 gains possession),12:00.0
2,fg_miss,,,0.0,0.0,,garlada01,3.0,jump shot,24.0,,,,,,,,,,,,,,,,,,,,,,,,,,,11:46.0 0-0 garlada01 misses 3-pt jump shot from 24 ft,11:46.0
3,rebound,,,0.0,0.0,,,,,,,,,,,defensive,antetgi01,False,,,,,,,,,,,,,,,,,,,11:42.0 Defensive rebound by antetgi01 0-0,11:42.0
4,fg_miss,,,0.0,0.0,,antetgi01,2.0,jump shot,17.0,,,,,,,,,,,,,,,,,,,,,,,,,,,11:28.0 antetgi01 misses 2-pt jump shot from 17 ft 0-0,11:28.0
5,rebound,,,0.0,0.0,,,,,,,,,,,offensive,jacksan01,False,,,,,,,,,,,,,,,,,,,11:26.0 Offensive rebound by jacksan01 0-0,11:26.0
6,fg_miss,,,0.0,0.0,,jacksan01,2.0,layup,1.0,,,,,,,,,,,,,,,,,,,,,,,,,,,11:26.0 jacksan01 misses 2-pt layup from 1 ft 0-0,11:26.0
7,rebound,,,0.0,0.0,,,,,,,,,,,defensive,mobleev01,False,,,,,,,,,,,,,,,,,,,11:24.0 0-0 Defensive rebound by mobleev01,11:24.0
8,fg_make,,,0.0,2.0,2.0,mitchdo01,2.0,jump shot,23.0,,,,,,,,,,,,,,,,,,,,,,,,,,,11:16.0 0-2 +2 mitchdo01 makes 2-pt jump shot from 23 ft,11:16.0
9,fg_make,,,3.0,2.0,3.0,lopezbr01,3.0,jump shot,25.0,greenaj01,,,,,,,,,,,,,,,,,,,,,,,,,,10:59.0 lopezbr01 makes 3-pt jump shot from 25 ft (assist by greenaj01 ) +3 3-2,10:59.0
10,fg_miss,,,3.0,2.0,,mobleev01,3.0,jump shot,26.0,,,,,,,,,,,,,,,,,,,,,,,,,,,10:46.0 3-2 mobleev01 misses 3-pt jump shot from 26 ft,10:46.0
11,rebound,,,3.0,2.0,,,,,,,,,,,defensive,princta02,False,,,,,,,,,,,,,,,,,,,10:44.0 Defensive rebound by princta02 3-2,10:44.0
12,fg_miss,,,3.0,2.0,,jacksan01,3.0,jump shot,23.0,,,,,,,,,,,,,,,,,,,,,,,,,,,10:33.0 jacksan01 misses 3-pt jump shot from 23 ft 3-2,10:33.0
13,rebound,,,3.0,2.0,,,,,,,,,,,defensive,wadede01,False,,,,,,,,,,,,,,,,,,,10:30.0 3-2 Defensive rebound by wadede01,10:30.0
14,turnover,,,3.0,2.0,,,,,,,,,,,,,,,,,garlada01,bad pass,,,,,,,,,,,,,,10:22.0 3-2 Turnover by garlada01 (bad pass),10:22.0
15,turnover,,,3.0,2.0,,,,,,,,,,,,,,,,,antetgi01,lost ball; steal by wadede01,wadede01,,,,,,,,,,,,,10:08.0 Turnover by antetgi01 (lost ball; steal by wadede01 ) 3-2,10:08.0
16,fg_miss,,,3.0,2.0,,mitchdo01,3.0,jump shot,32.0,,,,,,,,,,,,,,,,,,,,,,,,,,,10:00.0 3-2 mitchdo01 misses 3-pt jump shot from 32 ft,10:00.0
17,rebound,,,3.0,2.0,,,,,,,,,,,defensive,jacksan01,False,,,,,,,,,,,,,,,,,,,9:58.0 Defensive rebound by jacksan01 3-2,9:58.0
18,fg_miss,,,3.0,2.0,,antetgi01,2.0,layup,3.0,,,,,,,,,,,,,,,,,,,,,,,,,,,9:44.0 antetgi01 misses 2-pt layup from 3 ft 3-2,9:44.0
19,rebound,,,3.0,2.0,,,,,,,,,,,defensive,mobleev01,False,,,,,,,,,,,,,,,,,,,9:41.0 3-2 Defensive rebound by mobleev01,9:41.0
20,fg_miss,,,3.0,2.0,,garlada01,2.0,layup,1.0,,,,,,,,,,,,,,,,,,,,,,,,,,,9:38.0 3-2 garlada01 misses 2-pt layup from 1 ft,9:38.0
21,rebound,,,3.0,2.0,,,,,,,,,,,offensive,mobleev01,False,,,,,,,,,,,,,,,,,,,9:38.0 3-2 Offensive rebound by mobleev01,9:38.0
22,fg_make,,,3.0,5.0,3.0,wadede01,3.0,jump shot,24.0,mitchdo01,,,,,,,,,,,,,,,,,,,,,,,,,,9:30.0 3-5 +3 wadede01 makes 3-pt jump shot from 24 ft (assist by mitchdo01 ),9:30.0
23,fg_miss,,,3.0,5.0,,princta02,3.0,jump shot,27.0,,,,,,,,,,,,,,,,,,,,,,,,,,,9:13.0 princta02 misses 3-pt jump shot from 27 ft 3-5,9:13.0
24,rebound,,,3.0,5.0,,,,,,,,,,,defensive,allenja01,False,,,,,,,,,,,,,,,,,,,9:10.0 3-5 Defensive rebound by allenja01,9:10.0
25,fg_miss,,,3.0,5.0,,allenja01,2.0,layup,1.0,,,,,,,,,,,,,,,,,,,,,,,,,,,9:03.0 3-5 allenja01 misses 2-pt layup from 1 ft,9:03.0
26,rebound,,,3.0,5.0,,,,,,,,,,,defensive,princta02,False,,,,,,,,,,,,,,,,,,,9:01.0 Defensive rebound by princta02 3-5,9:01.0
27,foul,,,3.0,5.0,,,,,,,,,,,,,,personal,wadede01,antetgi01,,,,,,,,,,,,,,,,9:00.0 Personal foul by wadede01 (drawn by antetgi01 ) 3-5,9:00.0
28,fg_miss,,,3.0,5.0,,greenaj01,3.0,jump shot,29.0,,,,,,,,,,,,,,,,,,,,,,,,,,,8:42.0 greenaj01 misses 3-pt jump shot from 29 ft 3-5,8:42.0
29,rebound,,,3.0,5.0,,,,,,,,,,,defensive,wadede01,False,,,,,,,,,,,,,,,,,,,8:39.0 3-5 Defensive rebound by wadede01,8:39.0
30,fg_make,,,3.0,7.0,2.0,allenja01,2.0,layup,1.0,mobleev01,,,,,,,,,,,,,,,,,,,,,,,,,,8:32.0 3-7 +2 allenja01 makes 2-pt layup from 1 ft (assist by mobleev01 ),8:32.0
31,foul,,,3.0,7.0,,,,,,,,,,,,,,shooting,wadede01,antetgi01,,,,,,,,,,,,,,,,8:11.0 Shooting foul by wadede01 (drawn by antetgi01 ) 3-7,8:11.0
32,free_throw,,,3.0,7.0,,antetgi01,,,,,,misses,1.0,2.0,,,,,,,,,,,,,,,,,,,,,,8:11.0 antetgi01 misses free throw 1 of 2 3-7,8:11.0
33,rebound,,,3.0,7.0,,,,,,,,,,,offensive,,True,,,,,,,,,,,,,,,,,,,8:11.0 Offensive rebound by Team 3-7,8:11.0
34,free_throw,,,3.0,7.0,,antetgi01,,,,,,misses,2.0,2.0,,,,,,,,,,,,,,,,,,,,,,8:11.0 antetgi01 misses free throw 2 of 2 3-7,8:11.0
35,rebound,,,3.0,7.0,,,,,,,,,,,defensive,wadede01,False,,,,,,,,,,,,,,,,,,,8:08.0 3-7 Defensive rebound by wadede01,8:08.0
36,foul,,,3.0,7.0,,,,,,,,,,,,,,shooting,lopezbr01,mitchdo01,,,,,,,,,,,,,,,,7:55.0 3-7 Shooting foul by lopezbr01 (drawn by mitchdo01 ),7:55.0
37,free_throw,,,3.0,8.0,1.0,mitchdo01,,,,,,makes,1.0,2.0,,,,,,,,,,,,,,,,,,,,,,7:55.0 3-8 +1 mitchdo01 makes free throw 1 of 2,7:55.0
38,free_throw,,,3.0,8.0,,mitchdo01,,,,,,misses,2.0,2.0,,,,,,,,,,,,,,,,,,,,,,7:55.0 3-8 mitchdo01 misses free throw 2 of 2,7:55.0
39,rebound,,,3.0,8.0,,,,,,,,,,,defensive,,True,,,,,,,,,,,,,,,,,,,7:52.0 Defensive rebound by Team 3-8,7:52.0
40,fg_make,,,5.0,8.0,2.0,antetgi01,2.0,hook shot,8.0,jacksan01,,,,,,,,,,,,,,,,,,,,,,,,,,7:39.0 antetgi01 makes 2-pt hook shot from 8 ft (assist by jacksan01 ) +2 5-8,7:39.0
41,fg_miss,,,5.0,8.0,,garlada01,2.0,layup,1.0,,lopezbr01,,,,,,,,,,,,,,,,,,,,,,,,,7:22.0 5-8 garlada01 misses 2-pt layup from 1 ft (block by lopezbr01 ),7:22.0
42,rebound,,,5.0,8.0,,,,,,,,,,,defensive,lopezbr01,False,,,,,,,,,,,,,,,,,,,7:19.0 Defensive rebound by lopezbr01 5-8,7:19.0
43,foul,,,5.0,8.0,,,,,,,,,,,,,,shooting,mobleev01,antetgi01,,,,,,,,,,,,,,,,7:17.0 Shooting foul by mobleev01 (drawn by antetgi01 ) 5-8,7:17.0
44,free_throw,,,6.0,8.0,1.0,antetgi01,,,,,,makes,1.0,2.0,,,,,,,,,,,,,,,,,,,,,,7:17.0 antetgi01 makes free throw 1 of 2 +1 6-8,7:17.0
45,timeout,,,6.0,8.0,,,,,,,,,,,,,,,,,,,,,,,,,,,,Cleveland full,,,,7:17.0 6-8 Cleveland full timeout,7:17.0
46,substitution,,,6.0,8.0,,,,,,,,,,,,,,,,,,,,,,,,,,,,,,,,7:17.0 6-8 leverca01 enters the game for mitchdo01,7:17.0
47,substitution,,,6.0,8.0,,,,,,,,,,,,,,,,,,,,,,,,,,,,,,,,7:17.0 6-8 strusma01 enters the game for mobleev01,7:17.0
48,free_throw,,,6.0,8.0,,antetgi01,,,,,,misses,2.0,2.0,,,,,,,,,,,,,,,,,,,,,,7:17.0 antetgi01 misses free throw 2 of 2 6-8,7:17.0
49,rebound,,,6.0,8.0,,,,,,,,,,,defensive,allenja01,False,,,,,,,,,,,,,,,,,,,7:15.0 6-8 Defensive rebound by allenja01,7:15.0
50,turnover,,,6.0,8.0,,,,,,,,,,,,,,,,,allenja01,bad pass; steal by greenaj01,greenaj01,,,,,,,,,,,,,7:03.0 6-8 Turnover by allenja01 (bad pass; steal by greenaj01 ),7:03.0
51,turnover,,,6.0,8.0,,,,,,,,,,,,,,,,,jacksan01,bad pass; steal by allenja01,allenja01,,,,,,,,,,,,,6:48.0 Turnover by jacksan01 (bad pass; steal by allenja01 ) 6-8,6:48.0
52,fg_make,,,6.0,10.0,2.0,allenja01,2.0,jump shot,12.0,wadede01,,,,,,,,,,,,,,,,,,,,,,,,,,6:37.0 6-10 +2 allenja01 makes 2-pt jump shot from 12 ft (assist by wadede01 ),6:37.0
53,fg_miss,,,6.0,10.0,,antetgi01,2.0,layup,2.0,,,,,,,,,,,,,,,,,,,,,,,,,,,6:14.0 antetgi01 misses 2-pt layup from 2 ft 6-10,6:14.0
54,rebound,,,6.0,10.0,,,,,,,,,,,defensive,allenja01,False,,,,,,,,,,,,,,,,,,,6:10.0 6-10 Defensive rebound by allenja01,6:10.0
55,turnover,,,6.0,10.0,,,,,,,,,,,,,,,,,leverca01,bad pass; steal by princta02,princta02,,,,,,,,,,,,,6:07.0 6-10 Turnover by leverca01 (bad pass; steal by princta02 ),6:07.0
56,turnover,,,6.0,10.0,,,,,,,,,,,,,,,,,antetgi01,bad pass,,,,,,,,,,,,,,6:03.0 Turnover by antetgi01 (bad pass) 6-10,6:03.0
57,substitution,,,6.0,10.0,,,,,,,,,,,,,,,,,,,,,,,,,,,,,,,,6:03.0 trentga02 enters the game for jacksan01 6-10,6:03.0
58,fg_make,,,6.0,12.0,2.0,garlada01,2.0,jump shot,12.0,,,,,,,,,,,,,,,,,,,,,,,,,,,5:48.0 6-12 +2 garlada01 makes 2-pt jump shot from 12 ft,5:48.0
59,fg_miss,,,6.0,12.0,,greenaj01,3.0,jump shot,23.0,,,,,,,,,,,,,,,,,,,,,,,,,,,5:28.0 greenaj01 misses 3-pt jump shot from 23 ft 6-12,5:28.0
60,rebound,,,6.0,12.0,,,,,,,,,,,defensive,garlada01,False,,,,,,,,,,,,,,,,,,,5:25.0 6-12 Defensive rebound by garlada01,5:25.0
61,fg_miss,,,6.0,12.0,,garlada01,2.0,layup,2.0,,,,,,,,,,,,,,,,,,,,,,,,,,,5:19.0 6-12 garlada01 misses 2-pt layup from 2 ft,5:19.0
62,rebound,,,6.0,12.0,,,,,,,,,,,defensive,lopezbr01,False,,,,,,,,,,,,,,,,,,,5:17.0 Defensive rebound by lopezbr01 6-12,5:17.0
63,fg_make,,,8.0,12.0,2.0,antetgi01,2.0,dunk,1.0,lopezbr01,,,,,,,,,,,,,,,,,,,,,,,,,,5:04.0 antetgi01 makes 2-pt dunk from 1 ft (assist by lopezbr01 ) +2 8-12,5:04.0
64,fg_make,,,8.0,14.0,2.0,allenja01,2.0,layup,2.0,garlada01,,,,,,,,,,,,,,,,,,,,,,,,,,4:53.0 8-14 +2 allenja01 makes 2-pt layup from 2 ft (assist by garlada01 ),4:53.0
65,fg_miss,,,8.0,14.0,,greenaj01,3.0,jump shot,27.0,,,,,,,,,,,,,,,,,,,,,,,,,,,4:41.0 greenaj01 misses 3-pt jump shot from 27 ft 8-14,4:41.0
66,rebound,,,8.0,14.0,,,,,,,,,,,defensive,allenja01,False,,,,,,,,,,,,,,,,,,,4:38.0 8-14 Defensive rebound by allenja01,4:38.0
67,fg_make,,,8.0,17.0,3.0,wadede01,3.0,jump shot,25.0,garlada01,,,,,,,,,,,,,,,,,,,,,,,,,,4:29.0 8-17 +3 wadede01 makes 3-pt jump shot from 25 ft (assist by garlada01 ),4:29.0
68,timeout,,,8.0,17.0,,,,,,,,,,,,,,,,,,,,,,,,,,,,Milwaukee full,,,,4:29.0 Milwaukee full timeout 8-17,4:29.0
69,substitution,,,8.0,17.0,,,,,,,,,,,,,,,,,,,,,,,,,,,,,,,,4:29.0 connapa01 enters the game for antetgi01 8-17,4:29.0
70,substitution,,,8.0,17.0,,,,,,,,,,,,,,,,,,,,,,,,,,,,,,,,4:29.0 middlkh01 enters the game for greenaj01 8-17,4:29.0
71,substitution,,,8.0,17.0,,,,,,,,,,,,,,,,,,,,,,,,,,,,,,,,4:29.0 portibo01 enters the game for princta02 8-17,4:29.0
72,substitution,,,8.0,17.0,,,,,,,,,,,,,,,,,,,,,,,,,,,,,,,,4:29.0 8-17 mitchdo01 enters the game for allenja01,4:29.0
73,substitution,,,8.0,17.0,,,,,,,,,,,,,,,,,,,,,,,,,,,,,,,,4:29.0 8-17 mobleev01 enters the game for garlada01,4:29.0
74,substitution,,,8.0,17.0,,,,,,,,,,,,,,,,,,,,,,,,,,,,,,,,4:29.0 8-17 niangge01 enters the game for wadede01,4:29.0
75,fg_make,,,10.0,17.0,2.0,lopezbr01,2.0,layup,1.0,middlkh01,,,,,,,,,,,,,,,,,,,,,,,,,,4:09.0 lopezbr01 makes 2-pt layup from 1 ft (assist by middlkh01 ) +2 10-17,4:09.0
76,fg_miss,,,10.0,17.0,,strusma01,3.0,jump shot,24.0,,,,,,,,,,,,,,,,,,,,,,,,,,,3:44.0 10-17 strusma01 misses 3-pt jump shot from 24 ft,3:44.0
77,rebound,,,10.0,17.0,,,,,,,,,,,defensive,portibo01,False,,,,,,,,,,,,,,,,,,,3:40.0 Defensive rebound by portibo01 10-17,3:40.0
78,fg_miss,,,10.0,17.0,,portibo01,2.0,jump shot,21.0,,,,,,,,,,,,,,,,,,,,,,,,,,,3:27.0 portibo01 misses 2-pt jump shot from 21 ft 10-17,3:27.0
79,rebound,,,10.0,17.0,,,,,,,,,,,defensive,niangge01,False,,,,,,,,,,,,,,,,,,,3:24.0 10-17 Defensive rebound by niangge01,3:24.0
80,fg_miss,,,10.0,17.0,,leverca01,3.0,jump shot,26.0,,,,,,,,,,,,,,,,,,,,,,,,,,,3:12.0 10-17 leverca01 misses 3-pt jump shot from 26 ft,3:12.0
81,rebound,,,10.0,17.0,,,,,,,,,,,defensive,trentga02,False,,,,,,,,,,,,,,,,,,,3:09.0 Defensive rebound by trentga02 10-17,3:09.0
82,fg_miss,,,10.0,17.0,,middlkh01,2.0,jump shot,14.0,,,,,,,,,,,,,,,,,,,,,,,,,,,2:55.0 middlkh01 misses 2-pt jump shot from 14 ft 10-17,2:55.0
83,rebound,,,10.0,17.0,,,,,,,,,,,defensive,mobleev01,False,,,,,,,,,,,,,,,,,,,2:53.0 10-17 Defensive rebound by mobleev01,2:53.0
84,fg_miss,,,10.0,17.0,,strusma01,3.0,jump shot,26.0,,,,,,,,,,,,,,,,,,,,,,,,,,,2:41.0 10-17 strusma01 misses 3-pt jump shot from 26 ft,2:41.0
85,rebound,,,10.0,17.0,,,,,,,,,,,defensive,connapa01,False,,,,,,,,,,,,,,,,,,,2:38.0 Defensive rebound by connapa01 10-17,2:38.0
86,fg_make,,,12.0,17.0,2.0,portibo01,2.0,hook shot,6.0,,,,,,,,,,,,,,,,,,,,,,,,,,,2:22.0 portibo01 makes 2-pt hook shot from 6 ft +2 12-17,2:22.0
87,fg_make,,,12.0,19.0,2.0,mobleev01,2.0,jump shot,13.0,leverca01,,,,,,,,,,,,,,,,,,,,,,,,,,2:04.0 12-19 +2 mobleev01 makes 2-pt jump shot from 13 ft (assist by leverca01 ),2:04.0
88,fg_miss,,,12.0,19.0,,trentga02,3.0,jump shot,25.0,,,,,,,,,,,,,,,,,,,,,,,,,,,1:54.0 trentga02 misses 3-pt jump shot from 25 ft 12-19,1:54.0
89,rebound,,,12.0,19.0,,,,,,,,,,,defensive,mitchdo01,False,,,,,,,,,,,,,,,,,,,1:51.0 12-19 Defensive rebound by mitchdo01,1:51.0
90,fg_make,,,12.0,21.0,2.0,leverca01,2.0,jump shot,14.0,,,,,,,,,,,,,,,,,,,,,,,,,,,1:45.0 12-21 +2 leverca01 makes 2-pt jump shot from 14 ft,1:45.0
91,fg_make,,,15.0,21.0,3.0,portibo01,3.0,jump shot,26.0,middlkh01,,,,,,,,,,,,,,,,,,,,,,,,,,1:32.0 portibo01 makes 3-pt jump shot from 26 ft (assist by middlkh01 ) +3 15-21,1:32.0
92,fg_miss,,,15.0,21.0,,leverca01,2.0,jump shot,2.0,,,,,,,,,,,,,,,,,,,,,,,,,,,1:13.0 15-21 leverca01 misses 2-pt jump shot from 2 ft,1:13.0
93,rebound,,,15.0,21.0,,,,,,,,,,,defensive,middlkh01,False,,,,,,,,,,,,,,,,,,,1:11.0 Defensive rebound by middlkh01 15-21,1:11.0
94,fg_make,,,18.0,21.0,3.0,connapa01,3.0,jump shot,25.0,portibo01,,,,,,,,,,,,,,,,,,,,,,,,,,1:06.0 connapa01 makes 3-pt jump shot from 25 ft (assist by portibo01 ) +3 18-21,1:06.0
95,fg_make,,,18.0,24.0,3.0,leverca01,3.0,jump shot,25.0,mitchdo01,,,,,,,,,,,,,,,,,,,,,,,,,,0:51.0 18-24 +3 leverca01 makes 3-pt jump shot from 25 ft (assist by mitchdo01 ),0:51.0
96,fg_make,,,20.0,24.0,2.0,middlkh01,2.0,jump shot,17.0,,,,,,,,,,,,,,,,,,,,,,,,,,,0:35.0 middlkh01 makes 2-pt jump shot from 17 ft +2 20-24,0:35.0
97,fg_make,,,20.0,26.0,2.0,mitchdo01,2.0,jump shot,16.0,,,,,,,,,,,,,,,,,,,,,,,,,,,0:28.0 20-26 +2 mitchdo01 makes 2-pt jump shot from 16 ft,0:28.0
98,foul,,,20.0,26.0,,,,,,,,,,,,,,personal,strusma01,connapa01,,,,,,,,,,,,,,,,0:22.0 Personal foul by strusma01 (drawn by connapa01 ) 20-26,0:22.0
99,fg_miss,,,20.0,26.0,,middlkh01,3.0,jump shot,25.0,,,,,,,,,,,,,,,,,,,,,,,,,,,0:02.0 middlkh01 misses 3-pt jump shot from 25 ft 20-26,0:02.0
100,rebound,,,20.0,26.0,,,,,,,,,,,defensive,mitchdo01,False,,,,,,,,,,,,,,,,,,,0:01.0 20-26 Defensive rebound by mitchdo01,0:01.0
101,foul,,,20.0,26.0,,,,,,,,,,,,,,shooting,middlkh01,mitchdo01,,,,,,,,,,,,,,,,0:00.0 20-26 Shooting foul by middlkh01 (drawn by mitchdo01 ),0:00.0
102,instant_replay,,,20.0,26.0,,,,,,,,,,,,,,,,,,,,,,,,,,,,,,,,0:00.0 20-26 Instant Replay (Request: Ruling Stands),0:00.0
103,free_throw,,,20.0,27.0,1.0,mitchdo01,,,,,,makes,1.0,3.0,,,,,,,,,,,,,,,,,,,,,,0:00.0 20-27 +1 mitchdo01 makes free throw 1 of 3,0:00.0
104,free_throw,,,20.0,28.0,1.0,mitchdo01,,,,,,makes,3.0,3.0,,,,,,,,,,,,,,,,,,,,,,0:00.0 20-28 +1 mitchdo01 makes free throw 3 of 3,0:00.0
105,free_throw,,,20.0,29.0,1.0,mitchdo01,,,,,,makes,2.0,3.0,,,,,,,,,,,,,,,,,,,,,,0:00.0 20-29 +1 mitchdo01 makes free throw 2 of 3,0:00.0
106,instant_replay,,,20.0,29.0,,,,,,,,,,,,,,,,,,,,,,,,,,,,,,,,0:00.0 20-29 Instant Replay (Request: Ruling Stands),0:00.0
107,period_end,,,,,,,,,,,,,,,,,,,,,,,,,,,,,,,,,quarter,1.0,,0:00.0 End of 1st quarter,0:00.0
108,period_start,,,,,,,,,,,,,,,,,,,,,,,,,,,,,,,,,quarter,2.0,,12:00.0 Start of 2nd quarter,12:00.0
109,fg_make,,,22.0,29.0,2.0,portibo01,2.0,jump shot,14.0,,,,,,,,,,,,,,,,,,,,,,,,,,,11:40.0 portibo01 makes 2-pt jump shot from 14 ft +2 22-29,11:40.0
110,fg_make,,,22.0,31.0,2.0,mobleev01,2.0,dunk,1.0,merrisa01,,,,,,,,,,,,,,,,,,,,,,,,,,11:24.0 22-31 +2 mobleev01 makes 2-pt dunk from 1 ft (assist by merrisa01 ),11:24.0
111,fg_make,,,24.0,31.0,2.0,middlkh01,2.0,jump shot,18.0,,,,,,,,,,,,,,,,,,,,,,,,,,,11:12.0 middlkh01 makes 2-pt jump shot from 18 ft +2 24-31,11:12.0
112,fg_make,,,24.0,34.0,3.0,mitchdo01,3.0,jump shot,27.0,,,,,,,,,,,,,,,,,,,,,,,,,,,11:02.0 24-34 +3 mitchdo01 makes 3-pt jump shot from 27 ft,11:02.0
113,fg_miss,,,24.0,34.0,,antetgi01,2.0,hook shot,7.0,,,,,,,,,,,,,,,,,,,,,,,,,,,10:41.0 antetgi01 misses 2-pt hook shot from 7 ft 24-34,10:41.0
114,rebound,,,24.0,34.0,,,,,,,,,,,defensive,niangge01,False,,,,,,,,,,,,,,,,,,,10:38.0 24-34 Defensive rebound by niangge01,10:38.0
115,fg_make,,,24.0,36.0,2.0,mobleev01,2.0,layup,2.0,strusma01,,,,,,,,,,,,,,,,,,,,,,,,,,10:31.0 24-36 +2 mobleev01 makes 2-pt layup from 2 ft (assist by strusma01 ),10:31.0
116,fg_make,,,26.0,36.0,2.0,antetgi01,2.0,layup,1.0,,,,,,,,,,,,,,,,,,,,,,,,,,,10:17.0 antetgi01 makes 2-pt layup from 1 ft +2 26-36,10:17.0
117,fg_miss,,,26.0,36.0,,strusma01,3.0,jump shot,24.0,,,,,,,,,,,,,,,,,,,,,,,,,,,10:00.0 26-36 strusma01 misses 3-pt jump shot from 24 ft,10:00.0
118,rebound,,,26.0,36.0,,,,,,,,,,,defensive,antetgi01,False,,,,,,,,,,,,,,,,,,,9:57.0 Defensive rebound by antetgi01 26-36,9:57.0
119,fg_make,,,28.0,36.0,2.0,antetgi01,2.0,jump shot,11.0,,,,,,,,,,,,,,,,,,,,,,,,,,,9:45.0 antetgi01 makes 2-pt jump shot from 11 ft +2 28-36,9:45.0
120,fg_make,,,28.0,38.0,2.0,mitchdo01,2.0,layup,1.0,,,,,,,,,,,,,,,,,,,,,,,,,,,9:36.0 28-38 +2 mitchdo01 makes 2-pt layup from 1 ft,9:36.0
121,turnover,,,28.0,38.0,,,,,,,,,,,,,,,,,antetgi01,out of bounds lost ball,,,,,,,,,,,,,,9:17.0 Turnover by antetgi01 (out of bounds lost ball) 28-38,9:17.0
122,substitution,,,28.0,38.0,,,,,,,,,,,,,,,,,,,,,,,,,,,,,,,,9:17.0 jacksan01 enters the game for middlkh01 28-38,9:17.0
123,substitution,,,28.0,38.0,,,,,,,,,,,,,,,,,,,,,,,,,,,,,,,,9:17.0 28-38 jeromty01 enters the game for niangge01,9:17.0
124,substitution,,,28.0,38.0,,,,,,,,,,,,,,,,,,,,,,,,,,,,,,,,9:17.0 28-38 wadede01 enters the game for strusma01,9:17.0
125,fg_miss,,,28.0,38.0,,mitchdo01,3.0,jump shot,34.0,,,,,,,,,,,,,,,,,,,,,,,,,,,9:06.0 28-38 mitchdo01 misses 3-pt jump shot from 34 ft,9:06.0
126,rebound,,,28.0,38.0,,,,,,,,,,,defensive,antetgi01,False,,,,,,,,,,,,,,,,,,,9:03.0 Defensive rebound by antetgi01 28-38,9:03.0
127,fg_make,,,30.0,38.0,2.0,trentga02,2.0,jump shot,11.0,,,,,,,,,,,,,,,,,,,,,,,,,,,8:48.0 trentga02 makes 2-pt jump shot from 11 ft +2 30-38,8:48.0
128,fg_make,,,30.0,40.0,2.0,wadede01,2.0,layup,1.0,jeromty01,,,,,,,,,,,,,,,,,,,,,,,,,,8:31.0 30-40 +2 wadede01 makes 2-pt layup from 1 ft (assist by jeromty01 ),8:31.0
129,fg_miss,,,30.0,40.0,,antetgi01,2.0,hook shot,7.0,,,,,,,,,,,,,,,,,,,,,,,,,,,8:11.0 antetgi01 misses 2-pt hook shot from 7 ft 30-40,8:11.0
130,rebound,,,30.0,40.0,,,,,,,,,,,defensive,jeromty01,False,,,,,,,,,,,,,,,,,,,8:08.0 30-40 Defensive rebound by jeromty01,8:08.0
131,foul,,,30.0,40.0,,,,,,,,,,,,,,personal,antetgi01,mobleev01,,,,,,,,,,,,,,,,8:04.0 30-40 Personal foul by antetgi01 (drawn by mobleev01 ),8:04.0
132,substitution,,,30.0,40.0,,,,,,,,,,,,,,,,,,,,,,,,,,,,,,,,8:04.0 princta02 enters the game for connapa01 30-40,8:04.0
133,turnover,,,30.0,40.0,,,,,,,,,,,,,,,,,mobleev01,lost ball; steal by antetgi01,antetgi01,,,,,,,,,,,,,7:57.0 30-40 Turnover by mobleev01 (lost ball; steal by antetgi01 ),7:57.0
134,fg_miss,,,30.0,40.0,,trentga02,3.0,jump shot,25.0,,,,,,,,,,,,,,,,,,,,,,,,,,,7:52.0 trentga02 misses 3-pt jump shot from 25 ft 30-40,7:52.0
135,rebound,,,30.0,40.0,,,,,,,,,,,defensive,mitchdo01,False,,,,,,,,,,,,,,,,,,,7:49.0 30-40 Defensive rebound by mitchdo01,7:49.0
136,fg_make,,,30.0,43.0,3.0,jeromty01,3.0,jump shot,25.0,mitchdo01,,,,,,,,,,,,,,,,,,,,,,,,,,7:43.0 30-43 +3 jeromty01 makes 3-pt jump shot from 25 ft (assist by mitchdo01 ),7:43.0
137,timeout,,,30.0,43.0,,,,,,,,,,,,,,,,,,,,,,,,,,,,Milwaukee full,,,,7:42.0 Milwaukee full timeout 30-43,7:42.0
138,substitution,,,30.0,43.0,,,,,,,,,,,,,,,,,,,,,,,,,,,,,,,,7:42.0 greenaj01 enters the game for trentga02 30-43,7:42.0
139,substitution,,,30.0,43.0,,,,,,,,,,,,,,,,,,,,,,,,,,,,,,,,7:42.0 30-43 allenja01 enters the game for mitchdo01,7:42.0
140,substitution,,,30.0,43.0,,,,,,,,,,,,,,,,,,,,,,,,,,,,,,,,7:42.0 30-43 garlada01 enters the game for mobleev01,7:42.0
141,fg_miss,,,30.0,43.0,,jacksan01,3.0,jump shot,24.0,,,,,,,,,,,,,,,,,,,,,,,,,,,7:28.0 jacksan01 misses 3-pt jump shot from 24 ft 30-43,7:28.0
142,rebound,,,30.0,43.0,,,,,,,,,,,offensive,portibo01,False,,,,,,,,,,,,,,,,,,,7:25.0 Offensive rebound by portibo01 30-43,7:25.0
143,fg_miss,,,30.0,43.0,,portibo01,2.0,jump shot,8.0,,,,,,,,,,,,,,,,,,,,,,,,,,,7:23.0 portibo01 misses 2-pt jump shot from 8 ft 30-43,7:23.0
144,rebound,,,30.0,43.0,,,,,,,,,,,defensive,allenja01,False,,,,,,,,,,,,,,,,,,,7:19.0 30-43 Defensive rebound by allenja01,7:19.0
145,turnover,,,30.0,43.0,,,,,,,,,,,,,,,,,garlada01,bad pass; steal by antetgi01,antetgi01,,,,,,,,,,,,,7:10.0 30-43 Turnover by garlada01 (bad pass; steal by antetgi01 ),7:10.0
146,fg_make,,,32.0,43.0,2.0,antetgi01,2.0,dunk,2.0,,,,,,,,,,,,,,,,,,,,,,,,,,,7:08.0 antetgi01 makes 2-pt dunk from 2 ft +2 32-43,7:08.0
147,fg_make,,,32.0,45.0,2.0,allenja01,2.0,jump shot,9.0,jeromty01,,,,,,,,,,,,,,,,,,,,,,,,,,6:50.0 32-45 +2 allenja01 makes 2-pt jump shot from 9 ft (assist by jeromty01 ),6:50.0
148,fg_miss,,,32.0,45.0,,jacksan01,3.0,jump shot,32.0,,,,,,,,,,,,,,,,,,,,,,,,,,,6:37.0 jacksan01 misses 3-pt jump shot from 32 ft 32-45,6:37.0
149,rebound,,,32.0,45.0,,,,,,,,,,,defensive,wadede01,False,,,,,,,,,,,,,,,,,,,6:34.0 32-45 Defensive rebound by wadede01,6:34.0
150,fg_make,,,32.0,48.0,3.0,jeromty01,3.0,jump shot,27.0,,,,,,,,,,,,,,,,,,,,,,,,,,,6:27.0 32-48 +3 jeromty01 makes 3-pt jump shot from 27 ft,6:27.0
151,timeout,,,32.0,48.0,,,,,,,,,,,,,,,,,,,,,,,,,,,,Milwaukee full,,,,6:25.0 Milwaukee full timeout 32-48,6:25.0
152,fg_miss,,,32.0,48.0,,portibo01,2.0,jump shot,15.0,,,,,,,,,,,,,,,,,,,,,,,,,,,6:02.0 portibo01 misses 2-pt jump shot from 15 ft 32-48,6:02.0
153,rebound,,,32.0,48.0,,,,,,,,,,,defensive,allenja01,False,,,,,,,,,,,,,,,,,,,5:59.0 32-48 Defensive rebound by allenja01,5:59.0
154,fg_miss,,,32.0,48.0,,merrisa01,3.0,jump shot,27.0,,greenaj01,,,,,,,,,,,,,,,,,,,,,,,,,5:39.0 32-48 merrisa01 misses 3-pt jump shot from 27 ft (block by greenaj01 ),5:39.0
155,rebound,,,32.0,48.0,,,,,,,,,,,offensive,jeromty01,False,,,,,,,,,,,,,,,,,,,5:38.0 32-48 Offensive rebound by jeromty01,5:38.0
156,fg_miss,,,32.0,48.0,,jeromty01,3.0,jump shot,24.0,,,,,,,,,,,,,,,,,,,,,,,,,,,5:37.0 32-48 jeromty01 misses 3-pt jump shot from 24 ft,5:37.0
157,rebound,,,32.0,48.0,,,,,,,,,,,offensive,,True,,,,,,,,,,,,,,,,,,,5:35.0 32-48 Offensive rebound by Team,5:35.0
158,unknown,,,32.0,48.0,,,,,,,,,,,,,,,,,,,,,,,,,,,,,,,Turnover by Team (shot clock),5:35.0 32-48 Turnover by Team (shot clock),5:35.0
159,fg_make,,,34.0,48.0,2.0,antetgi01,2.0,dunk,1.0,princta02,,,,,,,,,,,,,,,,,,,,,,,,,,5:27.0 antetgi01 makes 2-pt dunk from 1 ft (assist by princta02 ) +2 34-48,5:27.0
160,fg_make,,,34.0,51.0,3.0,merrisa01,3.0,jump shot,25.0,jeromty01,,,,,,,,,,,,,,,,,,,,,,,,,,5:22.0 34-51 +3 merrisa01 makes 3-pt jump shot from 25 ft (assist by jeromty01 ),5:22.0
161,turnover,,,34.0,51.0,,,,,,,,,,,,,,,,,antetgi01,bad pass; steal by wadede01,wadede01,,,,,,,,,,,,,5:09.0 Turnover by antetgi01 (bad pass; steal by wadede01 ) 34-51,5:09.0
162,fg_miss,,,34.0,51.0,,garlada01,3.0,jump shot,25.0,,,,,,,,,,,,,,,,,,,,,,,,,,,5:03.0 34-51 garlada01 misses 3-pt jump shot from 25 ft,5:03.0
163,rebound,,,34.0,51.0,,,,,,,,,,,defensive,antetgi01,False,,,,,,,,,,,,,,,,,,,5:00.0 Defensive rebound by antetgi01 34-51,5:00.0
164,fg_miss,,,34.0,51.0,,greenaj01,2.0,jump shot,8.0,,,,,,,,,,,,,,,,,,,,,,,,,,,4:51.0 greenaj01 misses 2-pt jump shot from 8 ft 34-51,4:51.0
165,rebound,,,34.0,51.0,,,,,,,,,,,offensive,antetgi01,False,,,,,,,,,,,,,,,,,,,4:48.0 Offensive rebound by antetgi01 34-51,4:48.0
166,fg_miss,,,34.0,51.0,,antetgi01,2.0,layup,,,,,,,,,,,,,,,,,,,,,,,,,,,,4:48.0 antetgi01 misses 2-pt layup at rim 34-51,4:48.0
167,rebound,,,34.0,51.0,,,,,,,,,,,defensive,merrisa01,False,,,,,,,,,,,,,,,,,,,4:47.0 34-51 Defensive rebound by merrisa01,4:47.0
168,fg_miss,,,34.0,51.0,,jeromty01,3.0,jump shot,37.0,,,,,,,,,,,,,,,,,,,,,,,,,,,4:28.0 34-51 jeromty01 misses 3-pt jump shot from 37 ft,4:28.0
169,rebound,,,34.0,51.0,,,,,,,,,,,defensive,portibo01,False,,,,,,,,,,,,,,,,,,,4:25.0 Defensive rebound by portibo01 34-51,4:25.0
170,fg_make,,,36.0,51.0,2.0,portibo01,2.0,layup,1.0,greenaj01,,,,,,,,,,,,,,,,,,,,,,,,,,4:17.0 portibo01 makes 2-pt layup from 1 ft (assist by greenaj01 ) +2 36-51,4:17.0
171,timeout,,,36.0,51.0,,,,,,,,,,,,,,,,,,,,,,,,,,,,Cleveland full,,,,4:12.0 36-51 Cleveland full timeout,4:12.0
172,substitution,,,36.0,51.0,,,,,,,,,,,,,,,,,,,,,,,,,,,,,,,,4:12.0 lopezbr01 enters the game for jacksan01 36-51,4:12.0
173,substitution,,,36.0,51.0,,,,,,,,,,,,,,,,,,,,,,,,,,,,,,,,4:12.0 middlkh01 enters the game for portibo01 36-51,4:12.0
174,substitution,,,36.0,51.0,,,,,,,,,,,,,,,,,,,,,,,,,,,,,,,,4:12.0 36-51 leverca01 enters the game for merrisa01,4:12.0
175,fg_miss,,,36.0,51.0,,garlada01,2.0,jump shot,8.0,,,,,,,,,,,,,,,,,,,,,,,,,,,3:59.0 36-51 garlada01 misses 2-pt jump shot from 8 ft,3:59.0
176,rebound,,,36.0,51.0,,,,,,,,,,,offensive,garlada01,False,,,,,,,,,,,,,,,,,,,3:57.0 36-51 Offensive rebound by garlada01,3:57.0
177,fg_make,,,36.0,53.0,2.0,garlada01,2.0,layup,,,,,,,,,,,,,,,,,,,,,,,,,,,,3:56.0 36-53 +2 garlada01 makes 2-pt layup at rim,3:56.0
178,fg_make,,,38.0,53.0,2.0,princta02,2.0,jump shot,8.0,antetgi01,,,,,,,,,,,,,,,,,,,,,,,,,,3:40.0 princta02 makes 2-pt jump shot from 8 ft (assist by antetgi01 ) +2 38-53,3:40.0
179,fg_make,,,38.0,56.0,3.0,garlada01,3.0,jump shot,31.0,jeromty01,,,,,,,,,,,,,,,,,,,,,,,,,,3:28.0 38-56 +3 garlada01 makes 3-pt jump shot from 31 ft (assist by jeromty01 ),3:28.0
180,fg_make,,,40.0,56.0,2.0,middlkh01,2.0,jump shot,8.0,antetgi01,,,,,,,,,,,,,,,,,,,,,,,,,,3:07.0 middlkh01 makes 2-pt jump shot from 8 ft (assist by antetgi01 ) +2 40-56,3:07.0
181,fg_make,,,40.0,59.0,3.0,wadede01,3.0,jump shot,25.0,garlada01,,,,,,,,,,,,,,,,,,,,,,,,,,2:57.0 40-59 +3 wadede01 makes 3-pt jump shot from 25 ft (assist by garlada01 ),2:57.0
182,foul,,,40.0,59.0,,,,,,,,,,,,,,offensive,princta02,allenja01,,,,,,,,,,,,,,,,2:43.0 Offensive foul by princta02 (drawn by allenja01 ) 40-59,2:43.0
183,turnover,,,40.0,59.0,,,,,,,,,,,,,,,,,princta02,offensive foul,,,,,,,,,,,,,,2:43.0 Turnover by princta02 (offensive foul) 40-59,2:43.0
184,instant_replay,,,40.0,59.0,,,,,,,,,,,,,,,,,,,,,,,,,,,,,,,,2:43.0 Instant Replay (Request: Ruling Stands) 40-59,2:43.0
185,substitution,,,40.0,59.0,,,,,,,,,,,,,,,,,,,,,,,,,,,,,,,,2:43.0 40-59 mitchdo01 enters the game for jeromty01,2:43.0
186,substitution,,,40.0,59.0,,,,,,,,,,,,,,,,,,,,,,,,,,,,,,,,2:43.0 40-59 mobleev01 enters the game for wadede01,2:43.0
187,fg_miss,,,40.0,59.0,,mobleev01,2.0,jump shot,9.0,,,,,,,,,,,,,,,,,,,,,,,,,,,2:32.0 40-59 mobleev01 misses 2-pt jump shot from 9 ft,2:32.0
188,rebound,,,40.0,59.0,,,,,,,,,,,defensive,antetgi01,False,,,,,,,,,,,,,,,,,,,2:28.0 Defensive rebound by antetgi01 40-59,2:28.0
189,fg_make,,,42.0,59.0,2.0,antetgi01,2.0,dunk,1.0,,,,,,,,,,,,,,,,,,,,,,,,,,,2:23.0 antetgi01 makes 2-pt dunk from 1 ft +2 42-59,2:23.0
190,fg_make,,,42.0,62.0,3.0,garlada01,3.0,jump shot,28.0,leverca01,,,,,,,,,,,,,,,,,,,,,,,,,,2:14.0 42-62 +3 garlada01 makes 3-pt jump shot from 28 ft (assist by leverca01 ),2:14.0
191,fg_make,,,45.0,62.0,3.0,lopezbr01,3.0,jump shot,27.0,greenaj01,,,,,,,,,,,,,,,,,,,,,,,,,,2:01.0 lopezbr01 makes 3-pt jump shot from 27 ft (assist by greenaj01 ) +3 45-62,2:01.0
192,fg_make,,,45.0,64.0,2.0,mobleev01,2.0,jump shot,5.0,garlada01,,,,,,,,,,,,,,,,,,,,,,,,,,1:45.0 45-64 +2 mobleev01 makes 2-pt jump shot from 5 ft (assist by garlada01 ),1:45.0
193,fg_miss,,,45.0,64.0,,middlkh01,2.0,layup,2.0,,,,,,,,,,,,,,,,,,,,,,,,,,,1:35.0 middlkh01 misses 2-pt layup from 2 ft 45-64,1:35.0
194,rebound,,,45.0,64.0,,,,,,,,,,,offensive,antetgi01,False,,,,,,,,,,,,,,,,,,,1:33.0 Offensive rebound by antetgi01 45-64,1:33.0
195,fg_make,,,47.0,64.0,2.0,antetgi01,2.0,dunk,,,,,,,,,,,,,,,,,,,,,,,,,,,,1:33.0 antetgi01 makes 2-pt dunk at rim +2 47-64,1:33.0
196,fg_miss,,,47.0,64.0,,mitchdo01,2.0,jump shot,17.0,,,,,,,,,,,,,,,,,,,,,,,,,,,1:20.0 47-64 mitchdo01 misses 2-pt jump shot from 17 ft,1:20.0
197,rebound,,,47.0,64.0,,,,,,,,,,,defensive,antetgi01,False,,,,,,,,,,,,,,,,,,,1:20.0 Defensive rebound by antetgi01 47-64,1:20.0
198,foul,,,47.0,64.0,,,,,,,,,,,,,,shooting,mitchdo01,antetgi01,,,,,,,,,,,,,,,,1:15.0 Shooting foul by mitchdo01 (drawn by antetgi01 ) 47-64,1:15.0
199,free_throw,,,48.0,64.0,1.0,antetgi01,,,,,,makes,1.0,2.0,,,,,,,,,,,,,,,,,,,,,,1:15.0 antetgi01 makes free throw 1 of 2 +1 48-64,1:15.0
200,free_throw,,,48.0,64.0,,antetgi01,,,,,,misses,2.0,2.0,,,,,,,,,,,,,,,,,,,,,,1:15.0 antetgi01 misses free throw 2 of 2 48-64,1:15.0
201,rebound,,,48.0,64.0,,,,,,,,,,,defensive,mitchdo01,False,,,,,,,,,,,,,,,,,,,1:12.0 48-64 Defensive rebound by mitchdo01,1:12.0
202,foul,,,48.0,64.0,,,,,,,,,,,,,,shooting,greenaj01,mitchdo01,,,,,,,,,,,,,,,,1:09.0 48-64 Shooting foul by greenaj01 (drawn by mitchdo01 ),1:09.0
203,free_throw,,,48.0,65.0,1.0,mitchdo01,,,,,,makes,1.0,2.0,,,,,,,,,,,,,,,,,,,,,,1:09.0 48-65 +1 mitchdo01 makes free throw 1 of 2,1:09.0
204,substitution,,,48.0,65.0,,,,,,,,,,,,,,,,,,,,,,,,,,,,,,,,1:09.0 trentga02 enters the game for greenaj01 48-65,1:09.0
205,free_throw,,,48.0,65.0,,mitchdo01,,,,,,misses,2.0,2.0,,,,,,,,,,,,,,,,,,,,,,1:09.0 48-65 mitchdo01 misses free throw 2 of 2,1:09.0
206,rebound,,,48.0,65.0,,,,,,,,,,,defensive,antetgi01,False,,,,,,,,,,,,,,,,,,,1:07.0 Defensive rebound by antetgi01 48-65,1:07.0
207,foul,,,48.0,65.0,,,,,,,,,,,,,,shooting,leverca01,middlkh01,,,,,,,,,,,,,,,,0:53.0 Shooting foul by leverca01 (drawn by middlkh01 ) 48-65,0:53.0
208,free_throw,,,49.0,65.0,1.0,middlkh01,,,,,,makes,1.0,2.0,,,,,,,,,,,,,,,,,,,,,,0:53.0 middlkh01 makes free throw 1 of 2 +1 49-65,0:53.0
209,free_throw,,,49.0,65.0,,middlkh01,,,,,,misses,2.0,2.0,,,,,,,,,,,,,,,,,,,,,,0:53.0 middlkh01 misses free throw 2 of 2 49-65,0:53.0
210,rebound,,,49.0,65.0,,,,,,,,,,,defensive,allenja01,False,,,,,,,,,,,,,,,,,,,0:51.0 49-65 Defensive rebound by allenja01,0:51.0
211,fg_make,,,49.0,67.0,2.0,mobleev01,2.0,dunk,1.0,mitchdo01,,,,,,,,,,,,,,,,,,,,,,,,,,0:40.0 49-67 +2 mobleev01 makes 2-pt dunk from 1 ft (assist by mitchdo01 ),0:40.0
212,turnover,,,49.0,67.0,,,,,,,,,,,,,,,,,middlkh01,lost ball; steal by mitchdo01,mitchdo01,,,,,,,,,,,,,0:31.0 Turnover by middlkh01 (lost ball; steal by mitchdo01 ) 49-67,0:31.0
213,fg_make,,,49.0,69.0,2.0,mitchdo01,2.0,dunk,1.0,,,,,,,,,,,,,,,,,,,,,,,,,,,0:30.0 49-69 +2 mitchdo01 makes 2-pt dunk from 1 ft,0:30.0
214,fg_miss,,,49.0,69.0,,antetgi01,2.0,dunk,1.0,,,,,,,,,,,,,,,,,,,,,,,,,,,0:14.0 antetgi01 misses 2-pt dunk from 1 ft 49-69,0:14.0
215,rebound,,,49.0,69.0,,,,,,,,,,,offensive,lopezbr01,False,,,,,,,,,,,,,,,,,,,0:12.0 Offensive rebound by lopezbr01 49-69,0:12.0
216,fg_make,,,51.0,69.0,2.0,lopezbr01,2.0,dunk,,,,,,,,,,,,,,,,,,,,,,,,,,,,0:10.0 lopezbr01 makes 2-pt dunk at rim +2 51-69,0:10.0
217,period_end,,,,,,,,,,,,,,,,,,,,,,,,,,,,,,,,,quarter,2.0,,0:00.0 End of 2nd quarter,0:00.0
218,period_start,,,,,,,,,,,,,,,,,,,,,,,,,,,,,,,,,quarter,3.0,,12:00.0 Start of 3rd quarter,12:00.0
219,fg_miss,,,51.0,69.0,,antetgi01,2.0,jump shot,14.0,,,,,,,,,,,,,,,,,,,,,,,,,,,11:37.0 antetgi01 misses 2-pt jump shot from 14 ft 51-69,11:37.0
220,rebound,,,51.0,69.0,,,,,,,,,,,offensive,lopezbr01,False,,,,,,,,,,,,,,,,,,,11:29.0 Offensive rebound by lopezbr01 51-69,11:29.0
221,fg_miss,,,51.0,69.0,,princta02,3.0,jump shot,26.0,,,,,,,,,,,,,,,,,,,,,,,,,,,11:25.0 princta02 misses 3-pt jump shot from 26 ft 51-69,11:25.0
222,rebound,,,51.0,69.0,,,,,,,,,,,defensive,allenja01,False,,,,,,,,,,,,,,,,,,,11:22.0 51-69 Defensive rebound by allenja01,11:22.0
223,fg_make,,,51.0,72.0,3.0,garlada01,3.0,jump shot,25.0,mobleev01,,,,,,,,,,,,,,,,,,,,,,,,,,11:12.0 51-72 +3 garlada01 makes 3-pt jump shot from 25 ft (assist by mobleev01 ),11:12.0
224,turnover,,,51.0,72.0,,,,,,,,,,,,,,,,,princta02,bad pass; steal by garlada01,garlada01,,,,,,,,,,,,,10:54.0 Turnover by princta02 (bad pass; steal by garlada01 ) 51-72,10:54.0
225,fg_miss,,,51.0,72.0,,mobleev01,2.0,layup,2.0,,,,,,,,,,,,,,,,,,,,,,,,,,,10:46.0 51-72 mobleev01 misses 2-pt layup from 2 ft,10:46.0
226,rebound,,,51.0,72.0,,,,,,,,,,,defensive,wrighde01,False,,,,,,,,,,,,,,,,,,,10:44.0 Defensive rebound by wrighde01 51-72,10:44.0
227,fg_miss,,,51.0,72.0,,lopezbr01,3.0,jump shot,31.0,,,,,,,,,,,,,,,,,,,,,,,,,,,10:38.0 lopezbr01 misses 3-pt jump shot from 31 ft 51-72,10:38.0
228,rebound,,,51.0,72.0,,,,,,,,,,,offensive,princta02,False,,,,,,,,,,,,,,,,,,,10:33.0 Offensive rebound by princta02 51-72,10:33.0
229,turnover,,,51.0,72.0,,,,,,,,,,,,,,,,,princta02,lost ball; steal by allenja01,allenja01,,,,,,,,,,,,,10:30.0 Turnover by princta02 (lost ball; steal by allenja01 ) 51-72,10:30.0
230,fg_miss,,,51.0,72.0,,mitchdo01,2.0,jump shot,23.0,,,,,,,,,,,,,,,,,,,,,,,,,,,10:21.0 51-72 mitchdo01 misses 2-pt jump shot from 23 ft,10:21.0
231,rebound,,,51.0,72.0,,,,,,,,,,,defensive,antetgi01,False,,,,,,,,,,,,,,,,,,,10:18.0 Defensive rebound by antetgi01 51-72,10:18.0
232,fg_miss,,,51.0,72.0,,antetgi01,2.0,jump shot,19.0,,,,,,,,,,,,,,,,,,,,,,,,,,,10:06.0 antetgi01 misses 2-pt jump shot from 19 ft 51-72,10:06.0
233,rebound,,,51.0,72.0,,,,,,,,,,,defensive,garlada01,False,,,,,,,,,,,,,,,,,,,10:02.0 51-72 Defensive rebound by garlada01,10:02.0
234,fg_make,,,51.0,74.0,2.0,mitchdo01,2.0,layup,1.0,,,,,,,,,,,,,,,,,,,,,,,,,,,9:39.0 51-74 +2 mitchdo01 makes 2-pt layup from 1 ft,9:39.0
235,fg_miss,,,51.0,74.0,,jacksan01,3.0,jump shot,23.0,,,,,,,,,,,,,,,,,,,,,,,,,,,9:15.0 jacksan01 misses 3-pt jump shot from 23 ft 51-74,9:15.0
236,rebound,,,51.0,74.0,,,,,,,,,,,defensive,allenja01,False,,,,,,,,,,,,,,,,,,,9:13.0 51-74 Defensive rebound by allenja01,9:13.0
237,foul,,,51.0,74.0,,,,,,,,,,,,,,personal,wrighde01,mitchdo01,,,,,,,,,,,,,,,,9:07.0 51-74 Personal foul by wrighde01 (drawn by mitchdo01 ),9:07.0
238,fg_make,,,51.0,77.0,3.0,wadede01,3.0,jump shot,26.0,garlada01,,,,,,,,,,,,,,,,,,,,,,,,,,8:59.0 51-77 +3 wadede01 makes 3-pt jump shot from 26 ft (assist by garlada01 ),8:59.0
239,foul,,,51.0,77.0,,,,,,,,,,,,,,shooting,princta02,wadede01,,,,,,,,,,,,,,,,8:59.0 51-77 Shooting foul by princta02 (drawn by wadede01 ),8:59.0
240,free_throw,,,51.0,78.0,1.0,wadede01,,,,,,makes,1.0,1.0,,,,,,,,,,,,,,,,,,,,,,8:59.0 51-78 +1 wadede01 makes free throw 1 of 1,8:59.0
241,fg_make,,,53.0,78.0,2.0,antetgi01,2.0,hook shot,8.0,,,,,,,,,,,,,,,,,,,,,,,,,,,8:40.0 antetgi01 makes 2-pt hook shot from 8 ft +2 53-78,8:40.0
242,fg_miss,,,53.0,78.0,,garlada01,2.0,jump shot,9.0,,lopezbr01,,,,,,,,,,,,,,,,,,,,,,,,,8:26.0 53-78 garlada01 misses 2-pt jump shot from 9 ft (block by lopezbr01 ),8:26.0
243,rebound,,,53.0,78.0,,,,,,,,,,,defensive,lopezbr01,False,,,,,,,,,,,,,,,,,,,8:23.0 Defensive rebound by lopezbr01 53-78,8:23.0
244,fg_make,,,56.0,78.0,3.0,princta02,3.0,jump shot,23.0,antetgi01,,,,,,,,,,,,,,,,,,,,,,,,,,8:19.0 princta02 makes 3-pt jump shot from 23 ft (assist by antetgi01 ) +3 56-78,8:19.0
245,fg_miss,,,56.0,78.0,,mobleev01,3.0,jump shot,25.0,,,,,,,,,,,,,,,,,,,,,,,,,,,7:59.0 56-78 mobleev01 misses 3-pt jump shot from 25 ft,7:59.0
246,rebound,,,56.0,78.0,,,,,,,,,,,offensive,garlada01,False,,,,,,,,,,,,,,,,,,,7:56.0 56-78 Offensive rebound by garlada01,7:56.0
247,fg_miss,,,56.0,78.0,,garlada01,2.0,dunk,,,,,,,,,,,,,,,,,,,,,,,,,,,,7:56.0 56-78 garlada01 misses 2-pt dunk at rim,7:56.0
248,rebound,,,56.0,78.0,,,,,,,,,,,defensive,antetgi01,False,,,,,,,,,,,,,,,,,,,7:54.0 Defensive rebound by antetgi01 56-78,7:54.0
249,turnover,,,56.0,78.0,,,,,,,,,,,,,,,,,lopezbr01,lost ball; steal by mitchdo01,mitchdo01,,,,,,,,,,,,,7:42.0 Turnover by lopezbr01 (lost ball; steal by mitchdo01 ) 56-78,7:42.0
250,fg_make,,,56.0,81.0,3.0,garlada01,3.0,jump shot,26.0,mitchdo01,,,,,,,,,,,,,,,,,,,,,,,,,,7:38.0 56-81 +3 garlada01 makes 3-pt jump shot from 26 ft (assist by mitchdo01 ),7:38.0
251,timeout,,,56.0,81.0,,,,,,,,,,,,,,,,,,,,,,,,,,,,Milwaukee full,,,,7:38.0 Milwaukee full timeout 56-81,7:38.0
252,substitution,,,56.0,81.0,,,,,,,,,,,,,,,,,,,,,,,,,,,,,,,,7:38.0 middlkh01 enters the game for jacksan01 56-81,7:38.0
253,foul,,,56.0,81.0,,,,,,,,,,,,,,shooting,mobleev01,antetgi01,,,,,,,,,,,,,,,,7:25.0 Shooting foul by mobleev01 (drawn by antetgi01 ) 56-81,7:25.0
254,free_throw,,,57.0,81.0,1.0,antetgi01,,,,,,makes,1.0,2.0,,,,,,,,,,,,,,,,,,,,,,7:25.0 antetgi01 makes free throw 1 of 2 +1 57-81,7:25.0
255,free_throw,,,58.0,81.0,1.0,antetgi01,,,,,,makes,2.0,2.0,,,,,,,,,,,,,,,,,,,,,,7:25.0 antetgi01 makes free throw 2 of 2 +1 58-81,7:25.0
256,fg_miss,,,58.0,81.0,,mitchdo01,3.0,jump shot,26.0,,,,,,,,,,,,,,,,,,,,,,,,,,,7:15.0 58-81 mitchdo01 misses 3-pt jump shot from 26 ft,7:15.0
257,rebound,,,58.0,81.0,,,,,,,,,,,defensive,antetgi01,False,,,,,,,,,,,,,,,,,,,7:12.0 Defensive rebound by antetgi01 58-81,7:12.0
258,foul,,,58.0,81.0,,,,,,,,,,,,,,shooting,allenja01,antetgi01,,,,,,,,,,,,,,,,7:06.0 Shooting foul by allenja01 (drawn by antetgi01 ) 58-81,7:06.0
259,free_throw,,,59.0,81.0,1.0,antetgi01,,,,,,makes,1.0,2.0,,,,,,,,,,,,,,,,,,,,,,7:06.0 antetgi01 makes free throw 1 of 2 +1 59-81,7:06.0
260,free_throw,,,60.0,81.0,1.0,antetgi01,,,,,,makes,2.0,2.0,,,,,,,,,,,,,,,,,,,,,,7:06.0 antetgi01 makes free throw 2 of 2 +1 60-81,7:06.0
261,fg_miss,,,60.0,81.0,,wadede01,3.0,jump shot,25.0,,,,,,,,,,,,,,,,,,,,,,,,,,,6:45.0 60-81 wadede01 misses 3-pt jump shot from 25 ft,6:45.0
262,rebound,,,60.0,81.0,,,,,,,,,,,defensive,antetgi01,False,,,,,,,,,,,,,,,,,,,6:42.0 Defensive rebound by antetgi01 60-81,6:42.0
263,fg_miss,,,60.0,81.0,,lopezbr01,2.0,jump shot,21.0,,,,,,,,,,,,,,,,,,,,,,,,,,,6:32.0 lopezbr01 misses 2-pt jump shot from 21 ft 60-81,6:32.0
264,rebound,,,60.0,81.0,,,,,,,,,,,defensive,mobleev01,False,,,,,,,,,,,,,,,,,,,6:28.0 60-81 Defensive rebound by mobleev01,6:28.0
265,foul,,,60.0,81.0,,,,,,,,,,,,,,personal,middlkh01,mitchdo01,,,,,,,,,,,,,,,,6:20.0 60-81 Personal foul by middlkh01 (drawn by mitchdo01 ),6:20.0
266,substitution,,,60.0,81.0,,,,,,,,,,,,,,,,,,,,,,,,,,,,,,,,6:20.0 60-81 leverca01 enters the game for mitchdo01,6:20.0
267,substitution,,,60.0,81.0,,,,,,,,,,,,,,,,,,,,,,,,,,,,,,,,6:20.0 60-81 strusma01 enters the game for mobleev01,6:20.0
268,fg_make,,,60.0,84.0,3.0,strusma01,3.0,jump shot,28.0,wadede01,,,,,,,,,,,,,,,,,,,,,,,,,,6:10.0 60-84 +3 strusma01 makes 3-pt jump shot from 28 ft (assist by wadede01 ),6:10.0
269,fg_make,,,62.0,84.0,2.0,antetgi01,2.0,layup,1.0,princta02,,,,,,,,,,,,,,,,,,,,,,,,,,5:45.0 antetgi01 makes 2-pt layup from 1 ft (assist by princta02 ) +2 62-84,5:45.0
270,fg_miss,,,62.0,84.0,,garlada01,2.0,layup,1.0,,,,,,,,,,,,,,,,,,,,,,,,,,,5:37.0 62-84 garlada01 misses 2-pt layup from 1 ft,5:37.0
271,rebound,,,62.0,84.0,,,,,,,,,,,defensive,lopezbr01,False,,,,,,,,,,,,,,,,,,,5:35.0 Defensive rebound by lopezbr01 62-84,5:35.0
272,fg_miss,,,62.0,84.0,,wrighde01,3.0,jump shot,26.0,,,,,,,,,,,,,,,,,,,,,,,,,,,5:30.0 wrighde01 misses 3-pt jump shot from 26 ft 62-84,5:30.0
273,rebound,,,62.0,84.0,,,,,,,,,,,defensive,wadede01,False,,,,,,,,,,,,,,,,,,,5:27.0 62-84 Defensive rebound by wadede01,5:27.0
274,turnover,,,62.0,84.0,,,,,,,,,,,,,,,,,leverca01,bad pass; steal by antetgi01,antetgi01,,,,,,,,,,,,,5:16.0 62-84 Turnover by leverca01 (bad pass; steal by antetgi01 ),5:16.0
275,fg_make,,,65.0,84.0,3.0,middlkh01,3.0,jump shot,23.0,wrighde01,,,,,,,,,,,,,,,,,,,,,,,,,,5:10.0 middlkh01 makes 3-pt jump shot from 23 ft (assist by wrighde01 ) +3 65-84,5:10.0
276,timeout,,,65.0,84.0,,,,,,,,,,,,,,,,,,,,,,,,,,,,Cleveland full,,,,5:09.0 65-84 Cleveland full timeout,5:09.0
277,substitution,,,65.0,84.0,,,,,,,,,,,,,,,,,,,,,,,,,,,,,,,,5:09.0 portibo01 enters the game for lopezbr01 65-84,5:09.0
278,substitution,,,65.0,84.0,,,,,,,,,,,,,,,,,,,,,,,,,,,,,,,,5:09.0 65-84 niangge01 enters the game for wadede01,5:09.0
279,turnover,,,65.0,84.0,,,,,,,,,,,,,,,,,garlada01,lost ball; steal by wrighde01,wrighde01,,,,,,,,,,,,,4:54.0 65-84 Turnover by garlada01 (lost ball; steal by wrighde01 ),4:54.0
280,foul,,,65.0,84.0,,,,,,,,,,,,,,offensive,antetgi01,allenja01,,,,,,,,,,,,,,,,4:36.0 Offensive foul by antetgi01 (drawn by allenja01 ) 65-84,4:36.0
281,turnover,,,65.0,84.0,,,,,,,,,,,,,,,,,antetgi01,offensive foul,,,,,,,,,,,,,,4:36.0 Turnover by antetgi01 (offensive foul) 65-84,4:36.0
282,fg_make,,,65.0,86.0,2.0,allenja01,2.0,hook shot,5.0,strusma01,,,,,,,,,,,,,,,,,,,,,,,,,,4:20.0 65-86 +2 allenja01 makes 2-pt hook shot from 5 ft (assist by strusma01 ),4:20.0
283,fg_make,,,67.0,86.0,2.0,antetgi01,2.0,jump shot,19.0,,,,,,,,,,,,,,,,,,,,,,,,,,,4:02.0 antetgi01 makes 2-pt jump shot from 19 ft +2 67-86,4:02.0
284,fg_miss,,,67.0,86.0,,strusma01,3.0,jump shot,26.0,,,,,,,,,,,,,,,,,,,,,,,,,,,3:47.0 67-86 strusma01 misses 3-pt jump shot from 26 ft,3:47.0
285,rebound,,,67.0,86.0,,,,,,,,,,,offensive,allenja01,False,,,,,,,,,,,,,,,,,,,3:47.0 67-86 Offensive rebound by allenja01,3:47.0
286,fg_miss,,,67.0,86.0,,leverca01,3.0,jump shot,25.0,,,,,,,,,,,,,,,,,,,,,,,,,,,3:42.0 67-86 leverca01 misses 3-pt jump shot from 25 ft,3:42.0
287,rebound,,,67.0,86.0,,,,,,,,,,,defensive,middlkh01,False,,,,,,,,,,,,,,,,,,,3:39.0 Defensive rebound by middlkh01 67-86,3:39.0
288,fg_miss,,,67.0,86.0,,middlkh01,2.0,jump shot,12.0,,,,,,,,,,,,,,,,,,,,,,,,,,,3:33.0 middlkh01 misses 2-pt jump shot from 12 ft 67-86,3:33.0
289,rebound,,,67.0,86.0,,,,,,,,,,,offensive,middlkh01,False,,,,,,,,,,,,,,,,,,,3:31.0 Offensive rebound by middlkh01 67-86,3:31.0
290,fg_make,,,69.0,86.0,2.0,middlkh01,2.0,layup,,,,,,,,,,,,,,,,,,,,,,,,,,,,3:27.0 middlkh01 makes 2-pt layup at rim +2 69-86,3:27.0
291,fg_make,,,69.0,89.0,3.0,strusma01,3.0,jump shot,25.0,leverca01,,,,,,,,,,,,,,,,,,,,,,,,,,3:20.0 69-89 +3 strusma01 makes 3-pt jump shot from 25 ft (assist by leverca01 ),3:20.0
292,fg_make,,,72.0,89.0,3.0,antetgi01,3.0,jump shot,26.0,middlkh01,,,,,,,,,,,,,,,,,,,,,,,,,,3:07.0 antetgi01 makes 3-pt jump shot from 26 ft (assist by middlkh01 ) +3 72-89,3:07.0
293,fg_make,,,72.0,92.0,3.0,niangge01,3.0,jump shot,24.0,leverca01,,,,,,,,,,,,,,,,,,,,,,,,,,2:52.0 72-92 +3 niangge01 makes 3-pt jump shot from 24 ft (assist by leverca01 ),2:52.0
294,fg_miss,,,72.0,92.0,,middlkh01,2.0,jump shot,10.0,,,,,,,,,,,,,,,,,,,,,,,,,,,2:38.0 middlkh01 misses 2-pt jump shot from 10 ft 72-92,2:38.0
295,rebound,,,72.0,92.0,,,,,,,,,,,offensive,wrighde01,False,,,,,,,,,,,,,,,,,,,2:34.0 Offensive rebound by wrighde01 72-92,2:34.0
296,turnover,,,72.0,92.0,,,,,,,,,,,,,,,,,princta02,bad pass,,,,,,,,,,,,,,2:33.0 Turnover by princta02 (bad pass) 72-92,2:33.0
297,substitution,,,72.0,92.0,,,,,,,,,,,,,,,,,,,,,,,,,,,,,,,,2:33.0 greenaj01 enters the game for princta02 72-92,2:33.0
298,substitution,,,72.0,92.0,,,,,,,,,,,,,,,,,,,,,,,,,,,,,,,,2:33.0 72-92 mitchdo01 enters the game for allenja01,2:33.0
299,substitution,,,72.0,92.0,,,,,,,,,,,,,,,,,,,,,,,,,,,,,,,,2:33.0 72-92 mobleev01 enters the game for garlada01,2:33.0
300,fg_miss,,,72.0,92.0,,leverca01,3.0,jump shot,22.0,,,,,,,,,,,,,,,,,,,,,,,,,,,2:19.0 72-92 leverca01 misses 3-pt jump shot from 22 ft,2:19.0
301,rebound,,,72.0,92.0,,,,,,,,,,,defensive,antetgi01,False,,,,,,,,,,,,,,,,,,,2:16.0 Defensive rebound by antetgi01 72-92,2:16.0
302,turnover,,,72.0,92.0,,,,,,,,,,,,,,,,,middlkh01,dbl dribble,,,,,,,,,,,,,,2:07.0 Turnover by middlkh01 (dbl dribble) 72-92,2:07.0
303,substitution,,,72.0,92.0,,,,,,,,,,,,,,,,,,,,,,,,,,,,,,,,2:07.0 trentga02 enters the game for wrighde01 72-92,2:07.0
304,foul,,,72.0,92.0,,,,,,,,,,,,,,personal,portibo01,niangge01,,,,,,,,,,,,,,,,2:01.0 72-92 Personal foul by portibo01 (drawn by niangge01 ),2:01.0
305,turnover,,,72.0,92.0,,,,,,,,,,,,,,,,,mobleev01,lost ball; steal by portibo01,portibo01,,,,,,,,,,,,,1:51.0 72-92 Turnover by mobleev01 (lost ball; steal by portibo01 ),1:51.0
306,fg_make,,,74.0,92.0,2.0,antetgi01,2.0,layup,,greenaj01,,,,,,,,,,,,,,,,,,,,,,,,,,1:28.0 antetgi01 makes 2-pt layup at rim (assist by greenaj01 ) +2 74-92,1:28.0
307,fg_make,,,74.0,94.0,2.0,mitchdo01,2.0,layup,,,,,,,,,,,,,,,,,,,,,,,,,,,,1:17.0 74-94 +2 mitchdo01 makes 2-pt layup at rim,1:17.0
308,foul,,,74.0,94.0,,,,,,,,,,,,,,shooting,portibo01,mitchdo01,,,,,,,,,,,,,,,,1:17.0 74-94 Shooting foul by portibo01 (drawn by mitchdo01 ),1:17.0
309,free_throw,,,74.0,95.0,1.0,mitchdo01,,,,,,makes,1.0,1.0,,,,,,,,,,,,,,,,,,,,,,1:17.0 74-95 +1 mitchdo01 makes free throw 1 of 1,1:17.0
310,foul,,,74.0,95.0,,,,,,,,,,,,,,shooting,strusma01,middlkh01,,,,,,,,,,,,,,,,1:06.0 Shooting foul by strusma01 (drawn by middlkh01 ) 74-95,1:06.0
311,free_throw,,,74.0,95.0,,middlkh01,,,,,,misses,1.0,3.0,,,,,,,,,,,,,,,,,,,,,,1:06.0 middlkh01 misses free throw 1 of 3 74-95,1:06.0
312,rebound,,,74.0,95.0,,,,,,,,,,,offensive,,True,,,,,,,,,,,,,,,,,,,1:06.0 Offensive rebound by Team 74-95,1:06.0
313,free_throw,,,75.0,95.0,1.0,middlkh01,,,,,,makes,2.0,3.0,,,,,,,,,,,,,,,,,,,,,,1:06.0 middlkh01 makes free throw 2 of 3 +1 75-95,1:06.0
314,substitution,,,75.0,95.0,,,,,,,,,,,,,,,,,,,,,,,,,,,,,,,,1:06.0 lopezbr01 enters the game for antetgi01 75-95,1:06.0
315,free_throw,,,76.0,95.0,1.0,middlkh01,,,,,,makes,3.0,3.0,,,,,,,,,,,,,,,,,,,,,,1:06.0 middlkh01 makes free throw 3 of 3 +1 76-95,1:06.0
316,fg_make,,,76.0,98.0,3.0,strusma01,3.0,jump shot,25.0,mobleev01,,,,,,,,,,,,,,,,,,,,,,,,,,0:55.0 76-98 +3 strusma01 makes 3-pt jump shot from 25 ft (assist by mobleev01 ),0:55.0
317,fg_miss,,,76.0,98.0,,middlkh01,2.0,jump shot,13.0,,,,,,,,,,,,,,,,,,,,,,,,,,,0:42.0 middlkh01 misses 2-pt jump shot from 13 ft 76-98,0:42.0
318,rebound,,,76.0,98.0,,,,,,,,,,,defensive,leverca01,False,,,,,,,,,,,,,,,,,,,0:40.0 76-98 Defensive rebound by leverca01,0:40.0
319,fg_miss,,,76.0,98.0,,strusma01,3.0,jump shot,26.0,,,,,,,,,,,,,,,,,,,,,,,,,,,0:35.0 76-98 strusma01 misses 3-pt jump shot from 26 ft,0:35.0
320,rebound,,,76.0,98.0,,,,,,,,,,,defensive,greenaj01,False,,,,,,,,,,,,,,,,,,,0:33.0 Defensive rebound by greenaj01 76-98,0:33.0
321,fg_miss,,,76.0,98.0,,middlkh01,2.0,layup,,,,,,,,,,,,,,,,,,,,,,,,,,,,0:27.0 middlkh01 misses 2-pt layup at rim 76-98,0:27.0
322,rebound,,,76.0,98.0,,,,,,,,,,,defensive,leverca01,False,,,,,,,,,,,,,,,,,,,0:24.0 76-98 Defensive rebound by leverca01,0:24.0
323,fg_make,,,76.0,100.0,2.0,leverca01,2.0,layup,1.0,,,,,,,,,,,,,,,,,,,,,,,,,,,0:08.0 76-100 +2 leverca01 makes 2-pt layup from 1 ft,0:08.0
324,turnover,,,76.0,100.0,,,,,,,,,,,,,,,,,portibo01,bad pass; steal by leverca01,leverca01,,,,,,,,,,,,,0:01.0 Turnover by portibo01 (bad pass; steal by leverca01 ) 76-100,0:01.0
325,fg_make,,,76.0,103.0,3.0,mitchdo01,3.0,jump shot,26.0,niangge01,,,,,,,,,,,,,,,,,,,,,,,,,,0:01.0 76-103 +3 mitchdo01 makes 3-pt jump shot from 26 ft (assist by niangge01 ),0:01.0
326,period_end,,,,,,,,,,,,,,,,,,,,,,,,,,,,,,,,,quarter,3.0,,0:00.0 End of 3rd quarter,0:00.0
327,period_start,,,,,,,,,,,,,,,,,,,,,,,,,,,,,,,,,quarter,4.0,,12:00.0 Start of 4th quarter,12:00.0
328,foul,,,76.0,103.0,,,,,,,,,,,,,,shooting,connapa01,mobleev01,,,,,,,,,,,,,,,,11:48.0 76-103 Shooting foul by connapa01 (drawn by mobleev01 ),11:48.0
329,free_throw,,,76.0,104.0,1.0,mobleev01,,,,,,makes,1.0,2.0,,,,,,,,,,,,,,,,,,,,,,11:48.0 76-104 +1 mobleev01 makes free throw 1 of 2,11:48.0
330,free_throw,,,76.0,105.0,1.0,mobleev01,,,,,,makes,2.0,2.0,,,,,,,,,,,,,,,,,,,,,,11:48.0 76-105 +1 mobleev01 makes free throw 2 of 2,11:48.0
331,fg_miss,,,76.0,105.0,,portibo01,2.0,jump shot,13.0,,,,,,,,,,,,,,,,,,,,,,,,,,,11:25.0 portibo01 misses 2-pt jump shot from 13 ft 76-105,11:25.0
332,rebound,,,76.0,105.0,,,,,,,,,,,defensive,mobleev01,False,,,,,,,,,,,,,,,,,,,11:23.0 76-105 Defensive rebound by mobleev01,11:23.0
333,foul,,,76.0,105.0,,,,,,,,,,,,,,personal,portibo01,mobleev01,,,,,,,,,,,,,,,,11:21.0 76-105 Personal foul by portibo01 (drawn by mobleev01 ),11:21.0
334,substitution,,,76.0,105.0,,,,,,,,,,,,,,,,,,,,,,,,,,,,,,,,11:21.0 76-105 merrisa01 enters the game for leverca01,11:21.0
335,fg_make,,,76.0,107.0,2.0,niangge01,2.0,jump shot,12.0,mitchdo01,,,,,,,,,,,,,,,,,,,,,,,,,,11:11.0 76-107 +2 niangge01 makes 2-pt jump shot from 12 ft (assist by mitchdo01 ),11:11.0
336,fg_make,,,78.0,107.0,2.0,trentga02,2.0,jump shot,13.0,portibo01,,,,,,,,,,,,,,,,,,,,,,,,,,10:58.0 trentga02 makes 2-pt jump shot from 13 ft (assist by portibo01 ) +2 78-107,10:58.0
337,fg_make,,,78.0,110.0,3.0,mitchdo01,3.0,jump shot,25.0,,,,,,,,,,,,,,,,,,,,,,,,,,,10:40.0 78-110 +3 mitchdo01 makes 3-pt jump shot from 25 ft,10:40.0
338,unknown,,,78.0,110.0,,,,,,,,,,,,,,,,,,,,,,,,,,,,,,,Def 3 sec tech foul by Team,10:25.0 Def 3 sec tech foul by Team 78-110,10:25.0
339,unknown,,,79.0,110.0,1.0,,,,,,,,,,,,,,,,,,,,,,,,,,,,,,trentga02 makes technical free throw,10:25.0 trentga02 makes technical free throw +1 79-110,10:25.0
340,turnover,,,79.0,110.0,,,,,,,,,,,,,,,,,trentga02,lost ball; steal by niangge01,niangge01,,,,,,,,,,,,,10:10.0 Turnover by trentga02 (lost ball; steal by niangge01 ) 79-110,10:10.0
341,fg_miss,,,79.0,110.0,,mitchdo01,3.0,jump shot,26.0,,,,,,,,,,,,,,,,,,,,,,,,,,,10:05.0 79-110 mitchdo01 misses 3-pt jump shot from 26 ft,10:05.0
342,rebound,,,79.0,110.0,,,,,,,,,,,offensive,mobleev01,False,,,,,,,,,,,,,,,,,,,10:03.0 79-110 Offensive rebound by mobleev01,10:03.0
343,fg_make,,,79.0,112.0,2.0,mobleev01,2.0,layup,1.0,,,,,,,,,,,,,,,,,,,,,,,,,,,10:03.0 79-112 +2 mobleev01 makes 2-pt layup from 1 ft,10:03.0
344,foul,,,79.0,112.0,,,,,,,,,,,,,,shooting,portibo01,mobleev01,,,,,,,,,,,,,,,,10:03.0 79-112 Shooting foul by portibo01 (drawn by mobleev01 ),10:03.0
345,free_throw,,,79.0,113.0,1.0,mobleev01,,,,,,makes,1.0,1.0,,,,,,,,,,,,,,,,,,,,,,10:03.0 79-113 +1 mobleev01 makes free throw 1 of 1,10:03.0
346,fg_miss,,,79.0,113.0,,portibo01,3.0,jump shot,26.0,,,,,,,,,,,,,,,,,,,,,,,,,,,9:41.0 portibo01 misses 3-pt jump shot from 26 ft 79-113,9:41.0
347,rebound,,,79.0,113.0,,,,,,,,,,,defensive,merrisa01,False,,,,,,,,,,,,,,,,,,,9:37.0 79-113 Defensive rebound by merrisa01,9:37.0
348,fg_make,,,79.0,115.0,2.0,merrisa01,2.0,layup,2.0,mobleev01,,,,,,,,,,,,,,,,,,,,,,,,,,9:30.0 79-115 +2 merrisa01 makes 2-pt layup from 2 ft (assist by mobleev01 ),9:30.0
349,fg_make,,,82.0,115.0,3.0,trentga02,3.0,jump shot,26.0,rolliry01,,,,,,,,,,,,,,,,,,,,,,,,,,9:13.0 trentga02 makes 3-pt jump shot from 26 ft (assist by rolliry01 ) +3 82-115,9:13.0
350,timeout,,,82.0,115.0,,,,,,,,,,,,,,,,,,,,,,,,,,,,Cleveland full,,,,9:13.0 82-115 Cleveland full timeout,9:13.0
351,substitution,,,82.0,115.0,,,,,,,,,,,,,,,,,,,,,,,,,,,,,,,,9:13.0 robbili01 enters the game for portibo01 82-115,9:13.0
352,substitution,,,82.0,115.0,,,,,,,,,,,,,,,,,,,,,,,,,,,,,,,,9:13.0 82-115 jeromty01 enters the game for mitchdo01,9:13.0
353,substitution,,,82.0,115.0,,,,,,,,,,,,,,,,,,,,,,,,,,,,,,,,9:13.0 82-115 thomptr01 enters the game for mobleev01,9:13.0
354,substitution,,,82.0,115.0,,,,,,,,,,,,,,,,,,,,,,,,,,,,,,,,9:13.0 82-115 tysonja01 enters the game for strusma01,9:13.0
355,fg_miss,,,82.0,115.0,,niangge01,3.0,jump shot,26.0,,,,,,,,,,,,,,,,,,,,,,,,,,,9:02.0 82-115 niangge01 misses 3-pt jump shot from 26 ft,9:02.0
356,rebound,,,82.0,115.0,,,,,,,,,,,defensive,beaucma01,False,,,,,,,,,,,,,,,,,,,8:58.0 Defensive rebound by beaucma01 82-115,8:58.0
357,fg_miss,,,82.0,115.0,,rolliry01,2.0,layup,1.0,,,,,,,,,,,,,,,,,,,,,,,,,,,8:48.0 rolliry01 misses 2-pt layup from 1 ft 82-115,8:48.0
358,rebound,,,82.0,115.0,,,,,,,,,,,defensive,thomptr01,False,,,,,,,,,,,,,,,,,,,8:45.0 82-115 Defensive rebound by thomptr01,8:45.0
359,turnover,,,82.0,115.0,,,,,,,,,,,,,,,,,tysonja01,lost ball; steal by rolliry01,rolliry01,,,,,,,,,,,,,8:40.0 82-115 Turnover by tysonja01 (lost ball; steal by rolliry01 ),8:40.0
360,fg_make,,,84.0,115.0,2.0,beaucma01,2.0,layup,1.0,rolliry01,,,,,,,,,,,,,,,,,,,,,,,,,,8:36.0 beaucma01 makes 2-pt layup from 1 ft (assist by rolliry01 ) +2 84-115,8:36.0
361,fg_miss,,,84.0,115.0,,jeromty01,2.0,layup,4.0,,robbili01,,,,,,,,,,,,,,,,,,,,,,,,,8:19.0 84-115 jeromty01 misses 2-pt layup from 4 ft (block by robbili01 ),8:19.0
362,rebound,,,84.0,115.0,,,,,,,,,,,defensive,beaucma01,False,,,,,,,,,,,,,,,,,,,8:17.0 Defensive rebound by beaucma01 84-115,8:17.0
363,turnover,,,84.0,115.0,,,,,,,,,,,,,,,,,beaucma01,out of bounds lost ball,,,,,,,,,,,,,,8:16.0 Turnover by beaucma01 (out of bounds lost ball) 84-115,8:16.0
364,turnover,,,84.0,115.0,,,,,,,,,,,,,,,,,tysonja01,lost ball; steal by trentga02,trentga02,,,,,,,,,,,,,8:03.0 84-115 Turnover by tysonja01 (lost ball; steal by trentga02 ),8:03.0
365,fg_make,,,86.0,115.0,2.0,beaucma01,2.0,layup,5.0,,,,,,,,,,,,,,,,,,,,,,,,,,,7:55.0 beaucma01 makes 2-pt layup from 5 ft +2 86-115,7:55.0
366,fg_miss,,,86.0,115.0,,niangge01,2.0,layup,2.0,,,,,,,,,,,,,,,,,,,,,,,,,,,7:42.0 86-115 niangge01 misses 2-pt layup from 2 ft,7:42.0
367,rebound,,,86.0,115.0,,,,,,,,,,,offensive,thomptr01,False,,,,,,,,,,,,,,,,,,,7:42.0 86-115 Offensive rebound by thomptr01,7:42.0
368,foul,,,86.0,115.0,,,,,,,,,,,,,,shooting,beaucma01,thomptr01,,,,,,,,,,,,,,,,7:42.0 86-115 Shooting foul by beaucma01 (drawn by thomptr01 ),7:42.0
369,free_throw,,,86.0,116.0,1.0,thomptr01,,,,,,makes,1.0,2.0,,,,,,,,,,,,,,,,,,,,,,7:42.0 86-116 +1 thomptr01 makes free throw 1 of 2,7:42.0
370,substitution,,,86.0,116.0,,,,,,,,,,,,,,,,,,,,,,,,,,,,,,,,7:42.0 86-116 portecr01 enters the game for niangge01,7:42.0
371,free_throw,,,86.0,117.0,1.0,thomptr01,,,,,,makes,2.0,2.0,,,,,,,,,,,,,,,,,,,,,,7:42.0 86-117 +1 thomptr01 makes free throw 2 of 2,7:42.0
372,fg_miss,,,86.0,117.0,,robbili01,2.0,jump shot,12.0,,,,,,,,,,,,,,,,,,,,,,,,,,,7:27.0 robbili01 misses 2-pt jump shot from 12 ft 86-117,7:27.0
373,rebound,,,86.0,117.0,,,,,,,,,,,defensive,thomptr01,False,,,,,,,,,,,,,,,,,,,7:24.0 86-117 Defensive rebound by thomptr01,7:24.0
374,turnover,,,86.0,117.0,,,,,,,,,,,,,,,,,jeromty01,lost ball; steal by rolliry01,rolliry01,,,,,,,,,,,,,7:17.0 86-117 Turnover by jeromty01 (lost ball; steal by rolliry01 ),7:17.0
375,foul,,,86.0,117.0,,,,,,,,,,,,,,shooting,tysonja01,beaucma01,,,,,,,,,,,,,,,,7:09.0 Shooting foul by tysonja01 (drawn by beaucma01 ) 86-117,7:09.0
376,free_throw,,,86.0,117.0,,beaucma01,,,,,,misses,1.0,2.0,,,,,,,,,,,,,,,,,,,,,,7:09.0 beaucma01 misses free throw 1 of 2 86-117,7:09.0
377,rebound,,,86.0,117.0,,,,,,,,,,,offensive,,True,,,,,,,,,,,,,,,,,,,7:09.0 Offensive rebound by Team 86-117,7:09.0
378,substitution,,,86.0,117.0,,,,,,,,,,,,,,,,,,,,,,,,,,,,,,,,7:09.0 umudest01 enters the game for connapa01 86-117,7:09.0
379,substitution,,,86.0,117.0,,,,,,,,,,,,,,,,,,,,,,,,,,,,,,,,7:09.0 wrighde01 enters the game for trentga02 86-117,7:09.0
380,free_throw,,,87.0,117.0,1.0,beaucma01,,,,,,makes,2.0,2.0,,,,,,,,,,,,,,,,,,,,,,7:09.0 beaucma01 makes free throw 2 of 2 +1 87-117,7:09.0
381,fg_miss,,,87.0,117.0,,merrisa01,3.0,jump shot,25.0,,,,,,,,,,,,,,,,,,,,,,,,,,,6:59.0 87-117 merrisa01 misses 3-pt jump shot from 25 ft,6:59.0
382,rebound,,,87.0,117.0,,,,,,,,,,,defensive,robbili01,False,,,,,,,,,,,,,,,,,,,6:56.0 Defensive rebound by robbili01 87-117,6:56.0
383,fg_make,,,89.0,117.0,2.0,rolliry01,2.0,layup,1.0,,,,,,,,,,,,,,,,,,,,,,,,,,,6:51.0 rolliry01 makes 2-pt layup from 1 ft +2 89-117,6:51.0
384,fg_miss,,,89.0,117.0,,thomptr01,2.0,hook shot,14.0,,,,,,,,,,,,,,,,,,,,,,,,,,,6:39.0 89-117 thomptr01 misses 2-pt hook shot from 14 ft,6:39.0
385,rebound,,,89.0,117.0,,,,,,,,,,,defensive,beaucma01,False,,,,,,,,,,,,,,,,,,,6:36.0 Defensive rebound by beaucma01 89-117,6:36.0
386,foul,,,89.0,117.0,,,,,,,,,,,,,,offensive,wrighde01,merrisa01,,,,,,,,,,,,,,,,6:34.0 Offensive foul by wrighde01 (drawn by merrisa01 ) 89-117,6:34.0
387,turnover,,,89.0,117.0,,,,,,,,,,,,,,,,,wrighde01,offensive foul,,,,,,,,,,,,,,6:34.0 Turnover by wrighde01 (offensive foul) 89-117,6:34.0
388,fg_miss,,,89.0,117.0,,tysonja01,3.0,jump shot,23.0,,,,,,,,,,,,,,,,,,,,,,,,,,,6:18.0 89-117 tysonja01 misses 3-pt jump shot from 23 ft,6:18.0
389,rebound,,,89.0,117.0,,,,,,,,,,,defensive,umudest01,False,,,,,,,,,,,,,,,,,,,6:15.0 Defensive rebound by umudest01 89-117,6:15.0
390,fg_miss,,,89.0,117.0,,rolliry01,3.0,jump shot,25.0,,,,,,,,,,,,,,,,,,,,,,,,,,,5:59.0 rolliry01 misses 3-pt jump shot from 25 ft 89-117,5:59.0
391,rebound,,,89.0,117.0,,,,,,,,,,,defensive,merrisa01,False,,,,,,,,,,,,,,,,,,,5:57.0 89-117 Defensive rebound by merrisa01,5:57.0
392,turnover,,,89.0,117.0,,,,,,,,,,,,,,,,,merrisa01,lost ball; steal by rolliry01,rolliry01,,,,,,,,,,,,,5:44.0 89-117 Turnover by merrisa01 (lost ball; steal by rolliry01 ),5:44.0
393,fg_miss,,,89.0,117.0,,wrighde01,2.0,jump shot,14.0,,,,,,,,,,,,,,,,,,,,,,,,,,,5:30.0 wrighde01 misses 2-pt jump shot from 14 ft 89-117,5:30.0
394,rebound,,,89.0,117.0,,,,,,,,,,,defensive,thomptr01,False,,,,,,,,,,,,,,,,,,,5:24.0 89-117 Defensive rebound by thomptr01,5:24.0
395,fg_miss,,,89.0,117.0,,jeromty01,3.0,jump shot,25.0,,,,,,,,,,,,,,,,,,,,,,,,,,,5:13.0 89-117 jeromty01 misses 3-pt jump shot from 25 ft,5:13.0
396,rebound,,,89.0,117.0,,,,,,,,,,,defensive,umudest01,False,,,,,,,,,,,,,,,,,,,5:10.0 Defensive rebound by umudest01 89-117,5:10.0
397,fg_miss,,,89.0,117.0,,rolliry01,2.0,layup,1.0,,,,,,,,,,,,,,,,,,,,,,,,,,,4:52.0 rolliry01 misses 2-pt layup from 1 ft 89-117,4:52.0
398,rebound,,,89.0,117.0,,,,,,,,,,,defensive,jeromty01,False,,,,,,,,,,,,,,,,,,,4:49.0 89-117 Defensive rebound by jeromty01,4:49.0
399,fg_miss,,,89.0,117.0,,merrisa01,3.0,jump shot,25.0,,,,,,,,,,,,,,,,,,,,,,,,,,,4:37.0 89-117 merrisa01 misses 3-pt jump shot from 25 ft,4:37.0
400,rebound,,,89.0,117.0,,,,,,,,,,,defensive,umudest01,False,,,,,,,,,,,,,,,,,,,4:34.0 Defensive rebound by umudest01 89-117,4:34.0
401,fg_make,,,92.0,117.0,3.0,beaucma01,3.0,jump shot,25.0,wrighde01,,,,,,,,,,,,,,,,,,,,,,,,,,4:27.0 beaucma01 makes 3-pt jump shot from 25 ft (assist by wrighde01 ) +3 92-117,4:27.0
402,fg_miss,,,92.0,117.0,,thomptr01,2.0,layup,2.0,,,,,,,,,,,,,,,,,,,,,,,,,,,4:04.0 92-117 thomptr01 misses 2-pt layup from 2 ft,4:04.0
403,rebound,,,92.0,117.0,,,,,,,,,,,defensive,,True,,,,,,,,,,,,,,,,,,,4:02.0 Defensive rebound by Team 92-117,4:02.0
404,foul,,,92.0,117.0,,,,,,,,,,,,,,offensive,robbili01,merrisa01,,,,,,,,,,,,,,,,3:48.0 Offensive foul by robbili01 (drawn by merrisa01 ) 92-117,3:48.0
405,turnover,,,92.0,117.0,,,,,,,,,,,,,,,,,robbili01,offensive foul,,,,,,,,,,,,,,3:48.0 Turnover by robbili01 (offensive foul) 92-117,3:48.0
406,fg_make,,,92.0,120.0,3.0,jeromty01,3.0,jump shot,26.0,portecr01,,,,,,,,,,,,,,,,,,,,,,,,,,3:32.0 92-120 +3 jeromty01 makes 3-pt jump shot from 26 ft (assist by portecr01 ),3:32.0
407,timeout,,,92.0,120.0,,,,,,,,,,,,,,,,,,,,,,,,,,,,Milwaukee full,,,,3:30.0 Milwaukee full timeout 92-120,3:30.0
408,fg_miss,,,92.0,120.0,,beaucma01,2.0,jump shot,10.0,,,,,,,,,,,,,,,,,,,,,,,,,,,3:13.0 beaucma01 misses 2-pt jump shot from 10 ft 92-120,3:13.0
409,rebound,,,92.0,120.0,,,,,,,,,,,defensive,thomptr01,False,,,,,,,,,,,,,,,,,,,3:11.0 92-120 Defensive rebound by thomptr01,3:11.0
410,fg_make,,,92.0,122.0,2.0,jeromty01,2.0,jump shot,15.0,,,,,,,,,,,,,,,,,,,,,,,,,,,2:57.0 92-122 +2 jeromty01 makes 2-pt jump shot from 15 ft,2:57.0
411,fg_make,,,94.0,122.0,2.0,wrighde01,2.0,layup,1.0,beaucma01,,,,,,,,,,,,,,,,,,,,,,,,,,2:41.0 wrighde01 makes 2-pt layup from 1 ft (assist by beaucma01 ) +2 94-122,2:41.0
412,violation,,,94.0,122.0,,,,,,,,,,,,,,,,,,,,Violation,Team,def goaltending,,,,,,,,,,2:41.0 94-122 Violation by Team (def goaltending),2:41.0
413,fg_miss,,,94.0,122.0,,merrisa01,3.0,jump shot,27.0,,,,,,,,,,,,,,,,,,,,,,,,,,,2:28.0 94-122 merrisa01 misses 3-pt jump shot from 27 ft,2:28.0
414,rebound,,,94.0,122.0,,,,,,,,,,,defensive,beaucma01,False,,,,,,,,,,,,,,,,,,,2:24.0 Defensive rebound by beaucma01 94-122,2:24.0
415,fg_miss,,,94.0,122.0,,umudest01,2.0,jump shot,15.0,,,,,,,,,,,,,,,,,,,,,,,,,,,2:15.0 umudest01 misses 2-pt jump shot from 15 ft 94-122,2:15.0
416,rebound,,,94.0,122.0,,,,,,,,,,,defensive,portecr01,False,,,,,,,,,,,,,,,,,,,2:13.0 94-122 Defensive rebound by portecr01,2:13.0
417,violation,,,94.0,122.0,,,,,,,,,,,,,,,,,,,,Violation,Team,kicked ball,,,,,,,,,,2:06.0 Violation by Team (kicked ball) 94-122,2:06.0
418,unknown,,,94.0,122.0,,,,,,,,,,,,,,,,,,,,,,,,,,,,,,,Turnover by Team (shot clock),1:51.0 94-122 Turnover by Team (shot clock),1:51.0
419,fg_miss,,,94.0,122.0,,wrighde01,3.0,jump shot,27.0,,,,,,,,,,,,,,,,,,,,,,,,,,,1:35.0 wrighde01 misses 3-pt jump shot from 27 ft 94-122,1:35.0
420,rebound,,,94.0,122.0,,,,,,,,,,,offensive,robbili01,False,,,,,,,,,,,,,,,,,,,1:32.0 Offensive rebound by robbili01 94-122,1:32.0
421,fg_make,,,97.0,122.0,3.0,rolliry01,3.0,jump shot,25.0,robbili01,,,,,,,,,,,,,,,,,,,,,,,,,,1:31.0 rolliry01 makes 3-pt jump shot from 25 ft (assist by robbili01 ) +3 97-122,1:31.0
422,violation,,,97.0,122.0,,,,,,,,,,,,,,,,,,,,Violation,Team,kicked ball,,,,,,,,,,1:24.0 Violation by Team (kicked ball) 97-122,1:24.0
423,turnover,,,97.0,122.0,,,,,,,,,,,,,,,,,tysonja01,lost ball; steal by robbili01,robbili01,,,,,,,,,,,,,1:19.0 97-122 Turnover by tysonja01 (lost ball; steal by robbili01 ),1:19.0
424,turnover,,,97.0,122.0,,,,,,,,,,,,,,,,,beaucma01,bad pass; steal by jeromty01,jeromty01,,,,,,,,,,,,,1:11.0 Turnover by beaucma01 (bad pass; steal by jeromty01 ) 97-122,1:11.0
425,turnover,,,97.0,122.0,,,,,,,,,,,,,,,,,jeromty01,bad pass; steal by umudest01,umudest01,,,,,,,,,,,,,1:09.0 97-122 Turnover by jeromty01 (bad pass; steal by umudest01 ),1:09.0
426,fg_make,,,99.0,122.0,2.0,rolliry01,2.0,dunk,1.0,umudest01,,,,,,,,,,,,,,,,,,,,,,,,,,1:06.0 rolliry01 makes 2-pt dunk from 1 ft (assist by umudest01 ) +2 99-122,1:06.0
427,turnover,,,99.0,122.0,,,,,,,,,,,,,,,,,merrisa01,bad pass; steal by wrighde01,wrighde01,,,,,,,,,,,,,0:55.0 99-122 Turnover by merrisa01 (bad pass; steal by wrighde01 ),0:55.0
428,turnover,,,99.0,122.0,,,,,,,,,,,,,,,,,beaucma01,lost ball; steal by jeromty01,jeromty01,,,,,,,,,,,,,0:51.0 Turnover by beaucma01 (lost ball; steal by jeromty01 ) 99-122,0:51.0
429,fg_miss,,,99.0,122.0,,jeromty01,3.0,jump shot,27.0,,,,,,,,,,,,,,,,,,,,,,,,,,,0:48.0 99-122 jeromty01 misses 3-pt jump shot from 27 ft,0:48.0
430,rebound,,,99.0,122.0,,,,,,,,,,,offensive,thomptr01,False,,,,,,,,,,,,,,,,,,,0:46.0 99-122 Offensive rebound by thomptr01,0:46.0
431,fg_miss,,,99.0,122.0,,thomptr01,2.0,dunk,9.0,,,,,,,,,,,,,,,,,,,,,,,,,,,0:44.0 99-122 thomptr01 misses 2-pt dunk from 9 ft,0:44.0
432,rebound,,,99.0,122.0,,,,,,,,,,,offensive,jeromty01,False,,,,,,,,,,,,,,,,,,,0:43.0 99-122 Offensive rebound by jeromty01,0:43.0
433,fg_make,,,99.0,124.0,2.0,jeromty01,2.0,layup,4.0,,,,,,,,,,,,,,,,,,,,,,,,,,,0:42.0 99-124 +2 jeromty01 makes 2-pt layup from 4 ft,0:42.0
434,fg_make,,,101.0,124.0,2.0,rolliry01,2.0,jump shot,16.0,,,,,,,,,,,,,,,,,,,,,,,,,,,0:31.0 rolliry01 makes 2-pt jump shot from 16 ft +2 101-124,0:31.0
435,unknown,,,101.0,124.0,,,,,,,,,,,,,,,,,,,,,,,,,,,,,,,Turnover by Team (shot clock),0:07.0 101-124 Turnover by Team (shot clock),0:07.0
436,period_end,,,,,,,,,,,,,,,,,,,,,,,,,,,,,,,,,quarter,4.0,,0:00.0 End of 4th quarter,0:00.0
